-- phpMyAdmin SQL Dump
-- version 4.7.4
-- https://www.phpmyadmin.net/
--
-- Host: 127.0.0.1
-- Generation Time: 2022-06-23 03:57:10
-- 服务器版本： 10.1.28-MariaDB
-- PHP Version: 5.6.32

SET SQL_MODE = "NO_AUTO_VALUE_ON_ZERO";
SET AUTOCOMMIT = 0;
START TRANSACTION;
SET time_zone = "+00:00";


/*!40101 SET @OLD_CHARACTER_SET_CLIENT=@@CHARACTER_SET_CLIENT */;
/*!40101 SET @OLD_CHARACTER_SET_RESULTS=@@CHARACTER_SET_RESULTS */;
/*!40101 SET @OLD_COLLATION_CONNECTION=@@COLLATION_CONNECTION */;
/*!40101 SET NAMES utf8mb4 */;

--
-- Database: `mstx`
--
drop database if exists mstx;
create database mstx;
use mstx;
-- --------------------------------------------------------

--
-- 表的结构 `mstx_createm`
--

CREATE TABLE `mstx_createm` (
  `cid` int(11) NOT NULL,
  `cname` varchar(64) NOT NULL,
  `cdetail` varchar(1024) NOT NULL,
  `cimg` varchar(125) NOT NULL,
  `uid` int(11) NOT NULL,
  `ctime` bigint(20) NOT NULL
) ENGINE=InnoDB DEFAULT CHARSET=utf8;

-- --------------------------------------------------------

--
-- 表的结构 `mstx_heal`
--

CREATE TABLE `mstx_heal` (
  `hid` int(11) NOT NULL,
  `httile` varchar(255) NOT NULL,
  `subtitle` varchar(128) NOT NULL,
  `htime` datetime NOT NULL,
  `hdetail` text NOT NULL,
  `htype` varchar(255) NOT NULL,
  `hrecommend` int(11) NOT NULL,
  `himg` varchar(255) NOT NULL
) ENGINE=InnoDB DEFAULT CHARSET=utf8;

--
-- 转存表中的数据 `mstx_heal`
--

INSERT INTO `mstx_heal` (`hid`, `httile`, `subtitle`, `htime`, `hdetail`, `htype`, `hrecommend`, `himg`) VALUES
(1, '学会4招，告别宫寒！', '宫寒这一说法是从中医的角度来讲，常见的症状有手脚冰凉、小便频繁、月经推迟等，还会有痛经症状', '2019-10-08 18:19:02', ' <p>\r\n  宫寒这一说法是从中医的角度来讲，常见的症状有手脚冰凉、小便频繁、月经推迟等，还会有痛经症状。宫寒虽然不代表“不孕”，但是受孕较难，即使受孕也容易流产，所以最好及早治疗。那么女性应该如何预防、调理宫寒呢？\r\n</p>\r\n<p>\r\n  学会4招告别宫寒\r\n  </p>\r\n  <b>\r\n  1、日常保暖\r\n  </b>\r\n  <p>\r\n  爱美是女人的天性，但我们不能因为爱美而丢失健康。做好日常的保暖工作是调理宫寒最基本的要求，因此我们平时要注意穿适当的衣服，不能为了美丽而过早穿上超短裤、超短裙等。在开着空调的室内，要注意用毛毯盖住肚子，给子宫保暖，以免小腹受凉。\r\n   <p>\r\n  来例假时，记得不要洗冷水澡，不喝冷饮，不坐冰冷的凳子，多喝热饮红糖姜水使身体发汗等。睡觉之前还可以用热水泡脚，以刺激足底的经络和穴位，使全身温暖。\r\n  </p>\r\n  <b>\r\n  2、运动调理\r\n  </b>\r\n  <p>\r\n  “宅”是许多现代女性的生活方式，但过于宅却会对女性身体造成不利影响。摆脱宫寒，女孩子们就需要多参加体育锻炼，以促进血液的循环，让身体暖起来。\r\n  </p>\r\n  <p>\r\n  由于多去外面晒太阳有助于接受自然界中的阳气，提高免疫力，改善身体素质，因此女孩们摆脱宫寒就必须要戒除“懒宅”的坏习惯，多外出多运动。\r\n  </p>\r\n  <b>\r\n  3、饮食调理\r\n  </b>\r\n  <p>\r\n  中医认为，女性体质属阴，故不可贪凉，在饮食上更应特别注意。调理宫寒，女性朋友最好别吃生冷的食物，如冷饮、冰茶等，以免生冷食物进入体内会消耗阳气，导致寒邪内生，侵害子宫。\r\n  </p>\r\n  <p>\r\n  此外，宫寒女性平时最好多吃些性温且具有散寒功效的食物，如核桃、红枣、花生、羊肉、鸡肉等。每天午餐过后或者晚餐之后，喝杯温热的姜茶也有助于化解寒气，调理宫寒。\r\n  </p>\r\n  <b>\r\n  4、睡眠调理\r\n  </b>\r\n  <p>\r\n  充足的睡眠有助于消除疲劳，回复人体精力，促进新陈代谢，还能够帮助女性朋友们调理宫寒。因此，“宫寒女”一定不能熬夜，每天都应该及早入睡。\r\n</p>', '最新推荐', 1, '20200110157863947054210138013.jpg'),
(2, '温和又平价的美容食物，才是最好的护肤品！', '现在的社会压力过大，女人们对于自身的要求也很高，因此对于变年轻、抗衰老这样的话题才是最感兴趣的', '2021-06-17 08:37:15', '  <p>\r\n  现在的社会压力过大，女人们对于自身的要求也很高，因此对于变年轻、抗衰老这样的话题才是最感兴趣的。现在市面上保养用品琳琅满目，价格也愈来愈高，小编帮大家整理出了可以帮助美容的天然食物，不仅便宜平价，使用起来更温和，一起来学学吧！ \r\n</p>\r\n<b>\r\n  1、山药枸杞粥\r\n  </b>\r\n  <p>\r\n  原料：粳米，鲜山药，枸杞，白糖，蜂蜜，水。\r\n  </p>\r\n  <p>\r\n  做法：\r\n  </p>\r\n  <p>\r\n  ①将粳米清洗干净，放到冷水中浸泡一小时后，捞出，沥干；\r\n  </p>\r\n  <p>\r\n  ②将新鲜的山药去皮，用刀刮洗干净，然后切成小丁状，备用；\r\n  </p>\r\n  <p> ③将枸杞子放到温水中泡开，备用；</p>\r\n \r\n  <p>④在锅中加入适量的冷水，然后将处理好的粳米、山药、枸杞放入锅中，用大火烧开，再转成小火熬制，等到食材软烂即可。食用的时候可以加入一些白糖和蜂蜜。</p>\r\n  \r\n  <p>功效：美容养颜、补血、消除色斑。</p>\r\n  \r\n  <b>2、什锦水果羹</b>\r\n  \r\n <p>原料：1个苹果，1个香蕉，1个梨，1块菠萝，几个草莓，1个猕猴桃，水淀粉、白糖、蜂蜜、冷水各适量。</p> \r\n  \r\n  <p>做法：</p>\r\n  \r\n  <p>①将苹果、香蕉、梨、菠萝、草莓、猕猴桃放入水中清洗干净，切成丁状，备用；</p>\r\n  \r\n  <p>②在锅中放入适量的水，将切好的水果丁放入锅中，开大火煮沸后再转成小火进行熬制。等到水果煮烂后加入适量的白糖、蜂蜜，最后再加入适量的水淀粉，边加边用勺子搅匀，烧开即可。\r\n  </p>\r\n  <p> 功效：解暑、去燥，美白祛斑。</p>\r\n  <b> 3、鸽子蛋银耳汤</b>\r\n \r\n<p> 原料：鸽子蛋2个，银耳1朵，冰糖适量。</p>\r\n \r\n  <p>做法：</p>\r\n  \r\n  <p> ①先将银耳在水中泡发，然后撕成小块放入锅中；</p>\r\n \r\n  <p>  ②加入清水开火熬煮，煮至粘稠的时候，打入鸽子蛋，加入冰糖搅拌均匀，在煮五分钟就能出锅食用了。 功效：这款汤是甜汤，鉴于银耳的属性，不太适合做出咸汤。银耳可以帮助补充胶原蛋白，对于皮肤有很好的保护效果，搭配鸽子蛋，可以起到健脑强身的作用。</p>', '最新推荐', 0, '20200110157863918258610138013.jpg'),
(3, '宿便危害，严重可导致中风', '近年来随着人们养生意识的增强，宿便问题也被广泛关注。', '2020-10-04 03:48:06', '<p>近年来随着人们养生意识的增强，宿便问题也被广泛关注。而宿便对身体来说是很大的健康杀手。那么，宿便的危害是什么呢？</p>\r\n  \r\n<p>宿便的危害是什么</p>\r\n  \r\n  <b>1.中风</b>\r\n  \r\n  <p>如果说有宿便的话那么排便的时候肯定是要使用很大的力气来用力排便的，最终会导致腹内的压力增高，大量的血液会回流到心脏从而加重心脏的负担，血压升高会容易导致脑出血，脑中风的例子也是屡见不鲜。</p>\r\n  \r\n  <b> 2.失眠头疼</b>\r\n \r\n  <p> 长期的便秘会让身体内的毒素吸收增加，血液也会变的浑浊，血液的粘度也会随之增加，脑血管如果供血不良的话最终会引发头疼，失眠，烦躁的一些症状的表现。宿便在身体里如果不及时的排出来的话危害性是很大的，所以说一定要找到正确的方法能够安全有效的排出体外。\r\n  </p>\r\n <b> 3.导致高血压</b>\r\n \r\n  <p> 常年的宿便会导致高血压的发病几率，这是因为便秘会让胆固醇排泄受到阻碍，血液中的胆固醇会慢慢的升高，血管受到胆固醇的侵袭发生硬化最终引发高血压的发病。</p>\r\n  <b>  4.皮肤</b>\r\n\r\n<p>  长期存在宿命的人皮肤是肯定不好的，中医说大肠与肺相表里，当肠道中的毒素不能很好的排出体外的时候，最终都会聚焦在皮肤的毛孔中排不出来，最终会引起毛囊和皮脂腺的感染最终会导致痤疮，色斑以及暗沉的皮肤问题，所以说宿便的危害是很大的。</p>\r\n\r\n\r\n  <b> 宿便怎么排</b>\r\n \r\n  <p> 如果身体长期便秘的话，要想排出宿便的放太平间垢时候生活定要有规律，养成排便的好习惯，平时的时候多多的运动注意饮食的合理性，并且减少脂肪的摄入量，多吃一些新鲜的瓜果蔬菜，粗食也要多吃，睡前用手按摩肚子，刺激肠道的蠕动，每天早上一定要多喝温水和淡盐水，这样可以有助于排便，缓解便秘。</p>\r\n \r\n  <p>关于宿便有什么危害的相关内容的介绍希望可以帮助到有相关问题的人们，因为只有这样才能让我们拥有一个健康的好身体。</p>', '最新推荐', 1, '20200110157863266456710169539.jpg'),
(4, '日常按摩这些部位，养生更养身', '日常按摩一些身体的部位，促进身体的血液流通和疏通，对身体还是有很大好处的', '2020-07-21 18:59:15', ' <p> 日常按摩一些身体的部位，促进身体的血液流通和疏通，对身体还是有很大好处的，但是按摩的前提是一定要用对方法，其中按摩这几个部位，还是很有养生功效的，可以试一试！</p>\r\n<p>按摩哪些部位能延年益寿</p> \r\n\r\n\r\n<b>部位一、腋窝</b>\r\n\r\n<p>很多的腋窝被触摸之后，会自然的大笑。这是因为该部位可是神经、淋巴、血管最多最丰富的地方。笑能够促使器官都得到运动，从而促进血液循环，让各大器官能够得到更多的养分和氧气的交换，促使人的大脑、心脏、肺部都受益匪浅。</p>\r\n\r\n<p>平日里让家人或是另一半触摸你的腋窝，让自己多笑一笑。每次触摸腋窝后，想笑的时候忍一忍，直到实在忍不住了以后停止。</p>\r\n\r\n<b>部位二、前胸</b>\r\n\r\n<p>前胸分布胸腺，胸腺分泌出来的物质，能够监视并且消灭身体内的变异细胞，而且还具有抗感染和抗病的能力，对延缓人体衰老有一定的作用。对此，建议每天坚持按摩前胸，帮助激活胸腺，起到防病延年的作用。</p>\r\n\r\n<p>一般来说用你的手掌上下摩擦你的前胸，摩擦一百到两百次就差不多了。</p>\r\n\r\n<b>部位三、脊柱</b>\r\n\r\n<p>脊柱两侧分布的经络，与人体的五脏六腑有极为密切的关系，经常按摩脊柱，能够疏通经络，促使气血运行、血脉畅通，从而滋养全身的器官。</p>\r\n\r\n<p>注意了，脊柱可是很重要的地方，不能自己随意按摩，想要按摩的话，要到中医院的推拿科进行按摩。因为非正规的诊所或是养生店，无法确保按摩师的资质，若是对方不够专业的话，被按摩之后，也许会造成极大的损伤。</p>\r\n\r\n<b>部位四、脚底</b>\r\n\r\n<p>脚底不仅穴位多，而切经络也多。还有人科学家认为，脚底上分布的末梢神经有成千上万，它们与大脑、心脏联系十分的密切。平日里多按摩脚底，可以更好的将远端的血推向心脏和全身，调节体内阴阳平衡，起到防治疾病，健身益寿的功效。</p>\r\n\r\n<p>其中，按摩脚底方法有挺多的，比如说经常弯弯脚趾，踩鹅卵石，穿着袜子在指压板上行走。还可以按压脚心等等，都能够起到按摩脚底的效果。</p>\r\n', '最新推荐', 0, '20200110157862778656510169539.jpg'),
(5, '少量喝酒，也可能带来这些危害', '喝酒不仅仅可以让我们放松心情，同时在聚会的时候也可以调节气氛', '2020-10-21 06:36:22', '<p>  喝酒不仅仅可以让我们放松心情，同时在聚会的时候也可以调节气氛。即使如果喝酒过度的话，对于身体也是有一定危害的。那么今天就给大家介绍一下，喝酒会给身体带来哪些危害？</p>\r\n\r\n<p> 喝酒带来的危害</p>\r\n \r\n  <b>第一，导致肥胖</b>\r\n  \r\n  <p>在很多商业的啤酒当中含有少量的营养物质，但却有着巨大的卡路里。对于很多正在减肥的人群来说，啤酒实在是不适合多喝。因为啤酒的酒精会在我们的体内转化为乙酸，乙酸就会变成多余的能量或者是脂肪存储在我们的臀部或者是腹部部位。</p>\r\n  \r\n  <b>第二，出现脱水的情况</b>\r\n  \r\n  <p>很多人在夏天的时候感觉到非常的炎热，就想来一杯冰啤酒。确实给你带来了快感，但是却阻止了我们体内激素的释放。你会感觉到当你喝了几杯啤酒之后，就会感觉非常强烈的想要排尿。因为过量的排尿以及汗水的排出，很可能就会导致我们在夏天的时候出现脱水的情况。</p>\r\n  \r\n  <b>第三，影响血糖水平</b>\r\n  \r\n  <p>其实喝酒的过程当中，实际上在影响着我们身体的血糖水平。因为，我们的肝脏需要把储存在体内的糖原转化为葡萄糖，并且将它释放在血液当中，如果酒精进入了这一个过程当中，就会影响到正常的运作。酒精会让我们产生强烈的饥饿感，让我们想要吃更多的东西，所以其实啤酒也是增加体重的罪魁祸首之一。</p>\r\n  \r\n  <b>第四，提高我们的血压\r\n  </b>\r\n  <p>根据调查发现，如果每天都喝上几杯啤酒，那么很有可能就会导致血压水平的升高。</p>\r\n  \r\n  <b>第五，可能会出现啤酒肚</b>\r\n  \r\n  <p>我们会看到街上很多中年的男性朋友们都会出现啤酒肚这样的情况。这样子的情况不仅影响了穿衣的搭配，同时也给身体带来了一系列的危害。每天喝啤酒只会给我们带来啤酒肚，而且啤酒都是非常的顽固，想要减掉也非常的困难。</p>\r\n  ', '最新推荐', 0, '20200110157862727459410169539.jpg'),
(11, '银色世纪集团提醒：清明前后宜食补，降火养五脏！', '春回大地，万物复苏，清明前后是阳气升发的“旺季”，万事万物都逃不过一个“鲜”字', '2022-06-15 10:08:46', '  <p>春回大地，万物复苏，清明前后是阳气升发的“旺季”，万事万物都逃不过一个“鲜”字，因此，饮食上，我们也应当以“鲜”为主。而说到新鲜的时令饮食，银色世纪健康生活方式宣传员表示，肯定离不开两种食材——“新芽”和“鲜花”。</p>\r\n  \r\n<p>绿豆芽是绿豆的芽，跟原豆相比，绿豆芽维生素含量增加，其中的营养更易吸收。</p>\r\n\r\n<p>虽说绿豆芽营养价值没有黄豆芽高，但是绿豆芽清热的作用更强，更有利于肝气疏通、缓解春季气候干燥导致的“燥热”。那么什么人改吃绿豆芽呢？负责银色世纪健康生活方式推广的营养师表示：性格急躁者：平时脾气大是肝火旺的表现，很适合进食绿豆芽；口腔溃疡：春季容易生口腔溃疡，而绿豆芽富含维生素B2，是春季预防和治疗口腔溃疡的优选食物；肝火旺盛者：如果您小便发黄、耳后有液体渗出、早起眼睛发蒙有眼屎，可以多吃绿豆芽解毒。</p>\r\n\r\n<b>“ 怎么吃？——平时四肢寒凉的，可以炒着吃；容易上火的人，可以凉拌。”银色世纪集团提醒。</b>\r\n\r\n<p>“ 我国古代一直将豌豆苗视为珍稀之蔬，寻常人只有在酒席上才能偶尔吃到。从营养价值上看，豌豆苗中的氨基酸含量比普通蔬菜要高出数倍。而且，豌豆苗中含有丰富的钾，适合高血压患者食用。“据银色世纪工作人员介绍，另外，豌豆苗富含膳食纤维，还有促进大肠蠕动、通便、防治便秘的作用。</p>\r\n\r\n<p>而豌豆苗较适合高血压患者、高血脂患者等。银色世纪工作人员表示，针对爱吃烧烤、腌菜的人群，若是能在饮食中搭配豌豆苗，就可以利用其中的维生素C来分解食物中的致癌物——亚硝胺。并且，豌豆苗中的维生素E能抗氧化、防衰老、美容养颜。</p>\r\n\r\n<p>“蒜苗是大蒜发育到一定时期的青苗，具有蒜的香辣味道，含有丰富的维生素C以及蛋白质、胡萝卜素、硫胺素、核黄素等营养成分。据《本草纲目》记载，蒜苗具有祛寒、散肿痛、杀毒气、健脾胃等功能。 “说到蒜苗，银色世纪工作人员称食用蒜苗有多种益处。</p>\r\n\r\n<p>据称，易感冒的人：蒜苗含有辣素，其杀菌能力可达到青霉素的1/10，对病原菌和寄生虫都有良好的杀灭作用，可以起到预防流感的作用。</p>\r\n\r\n<p>我国自古就采集野生荠菜食用的历史。银色世纪工作人员介绍：“荠菜不但可以起到降血压、健胃消食、疏通肠胃的作用，还具有强筋健骨、明目养肝、润肺和中之用，是清明前后最适宜吃的蔬菜之一。“据称。尤其针对免疫力低下者：荠菜中含有的橙皮甙能消炎抗菌、抗病毒，适当食用可以提高人体免疫力。</p>\r\n', '最新发布', 1, '2020040915863974057851958079.jpg'),
(12, '降血压食物推荐，从日常开始改善！', '高血压几乎是终身疾病，一旦确诊，一般需要遵医嘱长期服用降压药，', '2022-06-30 08:51:11', '  <p>高血压几乎是终身疾病，一旦确诊，一般需要遵医嘱长期服用降压药，长期的药物治疗我们身体往往是吃不消的，这个时候就需要食疗来进行改善，高血压这种疾病具体的食疗方法很多朋友都不了解。接下来就为大家介绍一下高血压的食疗方法。 </p>\r\n\r\n  <p>降血压食物推荐</p>\r\n\r\n<b>1、茄子</b>\r\n  \r\n  <p>  研究表明，茄子的紫色皮中含有丰富的维生素E和P，是其他蔬菜无法比的。其中维生素P，可以增强毛细血管弹性，并且可以改善微循环，对高血压、动脉硬化及坏血病者，有一定的疗效。而茄子纤维中的皂草甙，具有降低胆固醇的功效。所以，茄子对于高血压、动脉硬化的患者来说是食疗佳品。</p>\r\n\r\n  <b>  2、红萝卜</b>\r\n\r\n  <p> 红萝卜里包含槲皮素、山萘酚等其他物质，此类物质与生物类黄酮(维他命P)的功效有关，具有增进维他命C吸收与改善微血管的作用，同时还能够增多冠状动脉血流量，降低血脂，增进肾上腺素合成，所以有降低血压、强心等效果。</p>\r\n \r\n <b> 3、秋葵</b> \r\n \r\n  <p>秋葵含有高量的粘液，粘液中含有丰富的可溶性膳食纤维，如果胶、阿拉伯胶、羧甲基纤维素等，可阻止肠道碳水化合物的消化，进而降低葡萄糖的吸收，推测可降低饭后血糖。秋葵籽含有约大量人体所需的必需胺基酸和不饱和脂肪酸，研究证实黄秋葵籽及荚皮均有抑制α-glucosidasec和α-amylase的能力，可延缓碳水化合物的消化，帮助饭后血糖的控制，其中荚皮的抑制能力又比籽更好。</p>\r\n  <b>  4、菠菜</b>\r\n\r\n  <p>菠菜中含有大量的维生素C、维生素K、铁质及钙质元素，它能够促进胃肠的消化，还能够提高免疫力，促进身体的生长发育，并能补充机体所需要的钙。另外菠菜中还含有很高的胡萝卜素，能够缓解眼疲劳，并能预防和治疗夜盲症，还能促进身体的新陈代谢，并且对于缓解血压有很好的效果。</p>\r\n  \r\n <b>5、荠菜</b> \r\n<p>对高血压、眼底出血、牙龈出血和肾炎水肿等均有较好疗效。现代药理学研究表明，荠菜包含比较可观的乙酰胆碱、荠菜酸、钾等成份，具有降低血压的作用。包含黄酮素等有扩张冠状动脉的功效。所以，荠菜是高血压、冠心病病人的保健食物。高血压、眼底出血、眩晕头疼者，可以用鲜荠菜六克～九克，煎汁代为茶饮。</p>', '最新发布', 1, '20200110157864091758610138013.jpg'),
(13, '8种食物可以帮助你滋阴降火', '一到冬天，由于天气寒冷干燥，再加上人们饮食的不注意，就会很容易导致上火现象的发生。', '2022-05-30 05:38:01', ' <p>一到冬天，由于天气寒冷干燥，再加上人们饮食的不注意，就会很容易导致上火现象的发生。那么上火怎么办？有哪些滋阴降火的食物呢？今天小编就来告诉你常吃这8种食物可以帮助你滋阴降火，一起来看看吧。\r\n</p>\r\n  <p> 降火食物推荐</p>\r\n \r\n  <b>1、黑豆</b>\r\n  \r\n  <p>冬天吃黑豆能补充极易被人忽视的蛋白质。黑豆营养全面，含有丰富的蛋白质、维生素、矿物质，有活血、利水、祛风、解毒之功效。黑豆在滋阴、“降火”的同时还能补充被大量消耗的蛋白质。黑豆还有降血压和减肥的功效，适合冬天上火的人食用。</p>\r\n  \r\n  <b> 2、西红柿</b>\r\n \r\n  <p>西红柿一年四季都可见，营养也很丰富。西红柿中的维C，有生津止渴，健胃消食的功效。它同样可以清热解毒、平肝“降火”。冬天吃西红柿，改善口渴，上火症状。水分含量高的西红柿是最降火的果蔬之一。</p>\r\n  \r\n  <b> 3、豆芽</b>\r\n \r\n  <p> 特别是绿豆芽就具有清热解毒，利尿除湿的作用。冬天上火，绿豆芽是不可或缺的低卡高纤维的家常菜肴。</p>\r\n \r\n  <b>4、白萝卜</b>\r\n  \r\n  <p>白萝卜是冬天上火的人吃了能降火的食物之一。白萝卜性凉，具有清热去火之功效。白萝卜增强机体免疫功能，食之帮助营养物质的吸收，帮助降火，适合冬天吃。</p>\r\n  <b>  5、柚子</b>\r\n\r\n<p> 柚子是水份最充足的一种水果了，当然了其营养也是相当丰富的，柚子的寒凉性正可以中和冬季上火的人体内中的“热”症。冬季适当的吃些柚子具有败火的作用。</p>\r\n \r\n  <b> 6、梨</b>\r\n \r\n  <p> 雪梨能下火已经不是什么秘密了，梨中的维生素B以及水分，这两种物质对于冬季上火的人而言是不可或缺的。</p>\r\n  <b>  7、鸭肉</b>\r\n\r\n<p>中医认为鸭肉性凉，因此冬季适当吃点鸭肉就可去火，同时还有利尿消肿等作用。此外像鱼肉，鸡肉等也都有滋阴的作用。当然了这些肉类在吃的时候最好注意烹调方法，一般选择可选择一些凉性的食物同炖汤效果更好。</p>\r\n  <b>  8、牛奶</b>\r\n\r\n<p>人体当中的许多液体都属于阴的一部分，牛奶是具有滋阴，润燥以及生津的功效，只要体质虚弱者多喝牛奶肯定是能够很好的调理身体。平时生活当中多喝牛奶还能够解热毒，祛肝火。</p>', '最新发布', 0, '20200110157864009646210138013.jpg'),
(14, '易胖体质，学会正确减肥', '明明和别人吃的一样多，但是胖起来的速度却比别人快，这很有可能是易胖体质', '2022-04-18 11:51:52', '<p>明明和别人吃的一样多，但是胖起来的速度却比别人快，这很有可能是易胖体质。易胖体质的女生怎么正确减肥呢？那么我们今天来看一下，为什么有些女生会认为自己是易胖的体质？是什么原因导致的呢？</p>\r\n  \r\n<p>易胖体质是怎么造成的</p>\r\n\r\n  <b>1、经常熬夜</b>\r\n  \r\n  <p>相信很多熬夜的人群都会有这样一个感受，在熬夜的过程当中很容易出现饥饿的情况。有的女生在熬夜的时候就会拼命的吃东西，吃的东西也比别人多，那么身上所长出来的脂肪比别人多也是非常正常的事情。</p>\r\n  \r\n  <b> 2、缺乏锻炼</b>\r\n \r\n  <p> 经常锻炼的女生一般都不会肥胖到哪里去，而且我们会发现她身材的线条也非常的好。但是有些女孩子很少出门进行锻炼，平时除了工作或者是学习就在家里面睡觉。这样子慢慢的，她们的体质就会出现改变，你就会发现明明吃的东西跟别人一样多，但是长胖的速度却比别人快很多。</p>\r\n \r\n  <p>  所以如果你发现自己的身体是易胖的体质，那么身体上可能会出现三个特征。</p>\r\n\r\n  <p>  1、肠道里面的菌群出现了紊乱的情况。</p>\r\n\r\n  <p> 2、生活当中非常喜欢熬夜。</p>\r\n <p> 3、生活当中缺乏锻炼。但是每一个女生都不希望自己是肥胖的样子，那么在这里就给广大的女生介绍几个正确的减肥方法。</p>\r\n <b>\r\n 易胖体质如何减肥</b>\r\n<p><b>1、多吃芹菜</b></p>\r\n\r\n<p>芹菜可以及时的溶解饮食，当中所摄入的油脂。阻止脂肪在我们身体内的形成，而且芹菜还帮助我们利尿，消除身体上的水肿情况。所以如果想要减掉自己的小肚子的话，就多吃一些芹菜。</p>\r\n\r\n<b>2、给自己做减肥的饮品</b>\r\n\r\n<p>学会给自己做效果不错的减肥饮品，对于减肥可以起到很大的帮助。减肥饮品不仅可以帮助我们身体利尿消肿，同时促进我们身体的新陈代谢，排除体内多余的废物。</p>\r\n<b>3、多吃生菜</b>\r\n\r\n<p>生菜可以帮助我们刮油。在生菜当中含有丰富的膳食纤维，还有维生素c，可以分解我们体内的脂肪，加速我们蛋白质的吸收，而且在生菜当中富含着丰富的水分，可以及时的带走我们身体上的垃圾。</p>', '最新发布', 0, '20200108157847581419210169539.jpg'),
(15, '体内毒素量大来源，排毒需要这几招', '体内的毒素要是没有及时清理出去的话，是很危害身体的健康的。那么哪些方法可以排毒呢', '2022-03-14 10:57:07', '  <p>  体内的毒素要是没有及时清理出去的话，是很危害身体的健康的。那么哪些方法可以排毒呢？</p>\r\n\r\n<p>人体内毒素的来源</p>\r\n\r\n<b>1、身体更新所致</b>\r\n\r\n<p>人体每天都会在不断地更新，帮助身体更好地运转，其中身体更新排出的废弃物也是毒素，若是不将它们清理掉，对身体和皮肤也是有损伤的。比如说脂肪被代谢之后会产生CO2，加快身体老去的自由基之类的，甚至还会更新出身体不需要的荷尔蒙。这些东西积聚在一起，所产生的混合物，自然对身体没有半点好处，所以说，平日里要动些脑筋，帮助身体更新出来的废弃物清理干净哟。</p>\r\n\r\n<b>2、饮食或呼吸所致</b>\r\n\r\n<p>人们每天都要吃进很多的东西，有植物，也有动物，这些食材就算洗得很干净，也难免会有一些脏东西的残留。因此，当女人们把它们摄入身体里面的时候，则意味着脏东西也将进入体内。如此一来，脏东西就会在身体里不断累积，累积的时间越长就越容易滋生毒素了。</p>\r\n\r\n<p>其中，这些脏东西包括了重金属、防腐剂之类的。</p>\r\n\r\n<p>此外，呼吸是每个人必备的，而空气难免会掺杂着一些微小的颗粒或者是细菌，这些东西随着空气，一同被吸进身体里面。经过长时间的累积，量就会不断增多。如此一来，身体的毒素就会变多，从而个身体带来更多的伤害。</p>\r\n\r\n<p>因此，女人们在平日里选择吃的食物时，要慎重而且一定要多洗几次。再者，少到空气污染严重的地方，避免将被污染的空气吸入体内。</p>\r\n<p>女人排毒需要用这几招</p>\r\n\r\n<b>1、多休息</b>\r\n\r\n<p>女人们每天应付着繁重的工作和家务，想必一天到晚过下来，往往会觉得身体特别的疲劳。尤其是夜晚失眠的女人，疲劳的问题变得更加明显。小编提醒，当身体出现疲劳的时候，也会出现毒素堆积的，若女人们需要排毒的话，建议你们多伸展自己的身体，让肢体活动起来，从而促进血液的流动，有助毒素更好地被排出身体。</p>\r\n\r\n<p>此外，想要毒素更好地被排出去的话，可以来杯酸梅汁哟。</p>\r\n\r\n<b>2、常做SPA</b>\r\n\r\n<p>对于女人来说，这是她们很喜欢的一种活动，经常这样做对于排毒是有利的。因为SPA是通过直接刷或者是皮刮或是擦拭皮肤，按摩穴位等行为，促进体内淋巴运转流畅。另外，做SPA的过程中，往往会加入一些香薰，这些成分含有对身体有益的成分，当皮肤将它们吸收之后，有助提高皮肤的排毒更新功能，进而达到减少体内毒素的目的。</p>\r\n\r\n<b>3、练习瑜伽</b>\r\n\r\n<p>这是一种很好排毒运动，在练习的瑜伽的过程中，人体会把压力施加各大器官上，这些器官很多具体排毒的功能。被压力刺激之后，有助改善器官紧张的状态，从而加快器官部位的血液流动，从而让其发挥更好的作用，最终起到排毒的目的。练习瑜伽需要有柔软的身体，因此没有练习经验的女人们，在刚开始练习的时候，不要一下子就做高难度动作的瑜伽，应该选择步骤少又简单的瑜伽类型。等身体变得柔软一些之后，再慢慢提高瑜伽动作的难度，这样才能不会让身体在练习瑜伽的过程中受伤。</p>\r\n', '最新发布', 0, '20200109157855922582810169539.jpg'),
(16, '女人冬天怕冷，11种帮你调理！', '冬天天气寒冷，而女性由于体质比较虚，所以比男性要怕冷许多，尤其是手脚容易出现冰凉的感觉，如果身体比较瘦弱的，就更容易出现这种情况。那么，畏寒怕冷怎么调理呢？ ', '2022-01-24 14:06:00', '<p> 冬天天气寒冷，而女性由于体质比较虚，所以比男性要怕冷许多，尤其是手脚容易出现冰凉的感觉，如果身体比较瘦弱的，就更容易出现这种情况。那么，畏寒怕冷怎么调理呢？</p>\r\n    \r\n<p>女人冬天怕冷好什么好</p>\r\n\r\n<b>1、牛肉</b>\r\n\r\n<p>牛肉性温、味甘，可不宜脾胃、强健筋骨，并且含有丰富的蛋白质和矿物质铁，营养丰富，口感还很好，十分适合在冬季食用，尤其食补配以党参、北芪等中药一起炖汤，甘润可口，可补体虚、宜气血，增强人体的抗寒能力。</p>\r\n\r\n<b>2、羊肉</b>\r\n\r\n<p>羊肉含有丰富的脂肪、蛋白质、碳水化合物、无机盐和钙、磷、铁等营养成分，性味甘温。有暖中补虚、开胃健脾、益肾养肝、御寒祛湿之功效，还能维护胃肠黏膜，增加消化酶分泌，促进消化吸收。</p>\r\n\r\n<b>3、狗肉</b>\r\n\r\n<p>狗肉含有大量多肽和牛磺酸，而其脂肪含量不高，具有温肾补气以及助阳散寒功效的食物，对于改善冬天手脚冰冷、夜尿频繁、畏寒、腰痛等情况有很大帮助。</p>\r\n\r\n<b>4、辣椒</b>\r\n\r\n<p>能使心跳加快、末梢毛细血管扩张、流向体表的血液增加，可刺激食欲、增进消化。故冬天吃点辣椒可抵御寒冷，并能防止因受湿润而引起的关节痛、腰腿痛和胃虚寒症。</p>\r\n\r\n<b>5、猪肝</b>\r\n\r\n<p>猪肝中尤其以铁元素最为丰富，每一百克猪肝中所含的铁质就达到了31.1毫克，而且除了铁质之外，猪肝中的维生素，蛋白质和叶酸等营养物质也不少，适合缺铁的女性食用，但需要注意的是，猪肝中胆固醇含量也不少，因此在食用的时候最好不要过量。</p>\r\n', '饮食常识', 1, '20200109157855904362810138013.jpg'),
(17, '脾胃是健康的“根”，吃什么健脾养胃？', '脾胃是健康的“根”，若脾胃功能不强，就会引发很多疾病。我觉得养生必须先养脾胃，胃强身体才强壮，胃弱身体就虚弱。为了身体健康，健脾、补脾、养脾工作可不能忽视哦。快来看看吃哪些什么可以帮助健脾吧。', '2022-06-28 12:17:00', '<p> 脾胃是健康的“根”，若脾胃功能不强，就会引发很多疾病。我觉得养生必须先养脾胃，胃强身体才强壮，胃弱身体就虚弱。为了身体健康，健脾、补脾、养脾工作可不能忽视哦。快来看看吃哪些什么可以帮助健脾吧。</p>\r\n   \r\n<p>开胃健脾的食物有哪些</p>\r\n\r\n<b>1、糯米</b>\r\n\r\n<p>糯米富含B族维生素，能温暖脾胃，补益中气。对脾胃虚寒、食欲不佳、腹胀腹泻有一定缓解作用。故古语有“糯米粥为温养胃气妙品”。糯米与山药熬粥，可强健脾胃;加莲子同熬，可温中止泻;食欲不振的，可将糯米与猪肚同煮而食。</p>\r\n\r\n<b>2、苹果</b>\r\n\r\n<p>苹果是一种保健佳果，具有健脾、补气、益胃、生津润燥的功效，对脾虚食少、胃阴亏虚、阴虚胃痛等症均有改善作用。苹果500克，西米、白糖各100克，加水适量，共煮成粥。苹果粥具有生津、润肺、除烦、解暑、健胃等作用，适用于气力不足、反胃、消化不良、肠炎痢疾、大便干结、高血压等。</p>\r\n\r\n<b>3、莲藕</b>\r\n\r\n<p>莲藕，清热疏郁，凉血排毒，养胃滋阴，含有多种营养物质，它的钙、磷、铁及丰富的维生素C，富含多酚类物质，可以增强人体的提高免疫力，帮助女性抗老防衰，新鲜莲藕与蜂蜜，榨汁饮用可除烦生津，煮熟后的莲藕可健脾开胃，适合脾胃虚弱之人。</p>\r\n\r\n<b>4、山药</b>\r\n\r\n<p>山药中含有淀粉酶等多种营养物质，山药可以健脾养胃，有助于人体消化。李时珍《本草纲目》中有“健脾补益、滋精固肾、治诸百病，疗五劳七伤”之说。饮食不节、偏食生冷极易导致肠胃不适，吃些山药也有帮助。山药属于淀粉类根茎蔬菜，在食用时以蒸食、煮食为好，应当避免油炸、爆炒等烹饪方式。\r\n</p>\r\n<b>5、包心菜</b>\r\n\r\n<p>包心菜有健脾养胃、缓急止痛、解毒消肿、清热利水的作用，可用于内热引起的胸闷、口渴、咽痛、小便不通、耳目不聪、睡眠不佳、关节不利和腹腔隐痛等症。其含有的维生素C等成分具有止痛及促进溃疡愈合的作用。</p>\r\n <b>    6、香菇</b>\r\n\r\n<p>可以补脾胃，益气。用于脾胃虚弱，食欲衰退，少气乏力之症。现代用于防治佝偻病、胃癌。早在古代文献上就记载，菇菌类具有益气补虚、健脾胃，治疗皮肤病等多种功效。在挑选香菇时一定要闻一下，是否有刺鼻气味。</p>', '饮食常识', 0, '20200108157847271187210138013.jpg'),
(18, '最伤胃的10种错误习惯，你中了几个？', '胃病是很多人都有的疾病，人们常说，老胃病不好治，其实胃病也是可以通过食疗的方法来调理的。对于胃不好的人来说，养胃是很有必要的。哪些行为对胃不好？如何养胃？', '2022-01-24 11:17:19', '<p>胃病是很多人都有的疾病，人们常说，老胃病不好治，其实胃病也是可以通过食疗的方法来调理的。对于胃不好的人来说，养胃是很有必要的。哪些行为对胃不好？如何养胃？</p>\r\n\r\n<b>最伤胃的10种错误习惯</b>\r\n\r\n<b>1、边吃边说</b>\r\n\r\n<p>食不言，寝不语，这是古话。放到现在，为了细嚼慢咽，也要避免吃饭时说话或大口吞咽。边吃边说或大口吞咽，都会使咽下的气体过多而消化不良。与此同时，吃得快还容易造成食物烫伤口腔和食管黏膜。</p>\r\n\r\n<b>2、口味重</b>\r\n\r\n<p>烤制或腌制的食物虽然口感很棒，但经常吃的话，会增加致病风险。而且，高盐重口味食物会加重高血压和心血管疾病的发生，也会损伤胃黏膜的保护层，增加病变概率。</p>\r\n\r\n<b>3、吃水果不讲究</b>\r\n\r\n<p>水果如柿子、山楂、枣等，其鞣质可在胃内与胃酸、果肉蛋白发生作用，形成胶冻状物质，最后可能形成胃石。因此，对于中老年人而言，一定要记得别空腹吃大量柿子、山楂等。</p>\r\n<b>日常生活怎么养胃护胃</b>\r\n\r\n<b>1、松软熟透</b>\r\n\r\n<p>肠胃不好平时的饮食要选择食物松软易消化，烹饪时要蒸煮熟透，不吃烧烤质硬的食物，以免对胃黏膜造成不良刺激，加重胃肠负担。</p>\r\n\r\n<b>2、量少质精</b>\r\n\r\n<p>肠胃不好每餐不要吃太饱，一般选择量少而精的饮食，食物品种和烹饪精细易消化，尽量避免粗糙的、含粗纤维的食物，很容易刺激胃黏膜，引发胃痛腹胀等。</p>\r\n', '饮食常识', 1, '20200108157847213866510138013.jpg'),
(19, '青年就脱发、少白头，食疗改变你！', '白发悄无声息的出现，给不同年龄阶层的人带烦恼，老年时期头发变白，是符合自然发展规律的，但是如果正值青春貌美时期，却白发爬满头，则属非正常现象，这与遗传、精神因素、营养不良及某些身体疾病有关，需要及时治疗，下面跟着小编去看看白发脱发食疗大全吧。', '2022-02-28 14:00:00', ' <p>  白发悄无声息的出现，给不同年龄阶层的人带烦恼，老年时期头发变白，是符合自然发展规律的，但是如果正值青春貌美时期，却白发爬满头，则属非正常现象，这与遗传、精神因素、营养不良及某些身体疾病有关，需要及时治疗，下面跟着小编去看看白发脱发食疗大全吧。</p>\r\n\r\n<b>白发脱发吃什么食物好</b>\r\n\r\n<p>1、三文鱼</p>\r\n\r\n<p>纽约营养师莉莎·德雷耶博士表示，三文鱼中的蛋白质和维生素D都有益增强发质，三文鱼中的欧米伽3脂肪酸对头发的重要性犹如水对人体的重要性。该脂肪酸有益头皮细胞健康，防止头皮、头发干燥。</p>\r\n\r\n<b>2、核桃</b>\r\n\r\n<p>核桃不但富含欧米伽3脂肪酸，而且还富含生物素和维生素E，它们能在一定程度上帮助头发抵御阳光照射。另外，核桃中还含有铜，有助头发保持光泽。</p>\r\n\r\n<b>3、牡蛎</b>\r\n\r\n<p>牡蛎富含锌，如果缺锌则导致脱发、头皮发干，并易生头皮屑，甚至睫毛也会脱落。此外，牡蛎还富含蛋白质。德雷耶表示，头发最主要的成分是蛋白质。如果体内缺少足够的蛋白质，则脱落的头发无法及时补充，还会让新生的头发干枯、脆弱。</p>\r\n <b>如何预防头发提早变白</b>\r\n\r\n<b>1、补充饮食营养</b>\r\n\r\n<p>有些食物营养可以帮助预防头发灰白，像是维生素B5、B12、C和E。它们有抗氧化的特性，除了可以预防白发，也可保持身体健康。</p>\r\n\r\n<b>2、降低生活压力</b>\r\n\r\n<p>有时候压力也会导致白发提前生长。因此，你应该降低生活的压力，找出可释放压力的方式，让自己的心情保持愉快。</p>', '饮食常识', 1, '20200108157847183819610138013.jpg'),
(20, '血液天然“清道夫”，让血管更“年轻”', '血管遍布人体，是输送血压和完成营养物质转换的重要“管道”。万一血管被堵了，我们身体会发生许多疾病，常见的冠心病、高血压等疾病，都是由于血管发生疾病导致的。但如果我们在日常生活中注意科学饮食，', '2022-03-30 00:00:00', '<p>  血管遍布人体，是输送血压和完成营养物质转换的重要“管道”。万一血管被堵了，我们身体会发生许多疾病，常见的冠心病、高血压等疾病，都是由于血管发生疾病导致的。但如果我们在日常生活中注意科学饮食，改进膳食结构，加强体育锻炼，便可清理和保护我们的血管，能让血管更年轻、更健康！</p>\r\n \r\n<b>清理血液的食物</b>\r\n\r\n<b>1、青椒</b>\r\n\r\n<p>青椒含有维生素C、维生素E、胡萝卜素等营养素，可以有效防止血液凝固。另外还有叶绿素，可有效清除血液中含有的毒素。青椒与其他蔬菜不同，它只有与油结合，才能让维生素C，以及胡萝卜素更容易被人体内吸收。</p>\r\n\r\n<b>2、黑豆</b>\r\n\r\n<p>很多人都知道，黑豆可以让人头发变黑，其实黑豆也可以生血。黑豆是一种神奇的食物，可以帮助血液循环、调节肠胃功能、使代谢能力加强，并积极输送到全身。这都要归功于黑豆中所含有的花青素，这是一种多酚类物质，对于血液有良好的保健作用，而且极其容易被人体吸收，效果不可小视。黑色食品历来是补身健体的，而黑豆更是补肾强肾、解表清热、养血平肝、补虚黑发的佳品。</p>\r\n\r\n<b>3、小白菜</b>\r\n\r\n<p>小白菜中含有大量粗纤维，其进入人体内与脂肪结合后，可防止血浆胆固醇形成，促使胆固醇代谢物胆酸得以排出体外，以减少动脉粥样硬化的形成，从而保持血管弹性。</p>\r\n<b>血管老化的原因</b>\r\n\r\n<b>1、心情差</b>\r\n\r\n<p>精神压力可引起血管内膜收缩，加速血管老化，增加心源性猝死的风险。</p>\r\n\r\n<b>2、运动少</b>\r\n\r\n<p>长期不运动，血管内的垃圾会逐渐累积，形成粥样硬化斑块这个“不定时炸弹”，还会影响到毛细血管供血，并且随时可能被引爆。</p>', '饮食常识', 0, '20200107157838711173110138013.jpg'),
(21, '消除黑眼圈，试试这些方法', '不管男女，顶着黑眼圈总是不好的，因为会让人看起来很疲惫，整个人精神萎靡不振。而且黑眼圈也是身体健康受损的表现，想要身体好，就要想法子退黑眼圈。那么黑眼圈重怎么退?', '2022-02-21 00:00:00', '<p>不管男女，顶着黑眼圈总是不好的，因为会让人看起来很疲惫，整个人精神萎靡不振。而且黑眼圈也是身体健康受损的表现，想要身体好，就要想法子退黑眼圈。那么黑眼圈重怎么退?</p>\r\n\r\n<b>黑眼圈重怎么退？</b>\r\n\r\n<b>1、眼部按摩</b>\r\n\r\n<p>造成黑眼圈的原因之一是血液循环不佳导致的，如果想要改善的话，可以通过穴位按摩的方法。这个方法能够有助打通血脉，进而帮助消除黑眼圈。所以说，黑眼圈重的朋友们，来学习一下眼部按摩方法：</p>\r\n\r\n<p>洗完脸之后，在眼周皮肤上涂抹部分的眼部按摩霜，再用你的无名指按压眼尾处，鼻翼外侧、眉心等部位，这几个地方每个按压三五秒之后放松，连续做十次就可以了。最后用你的食指、中指和无名指轻轻弹你的眼周位置，弹个三五圈之后就完成了。坚持每天做眼部按摩，将血脉打通之后，黑眼圈就会慢慢消失的</p>\r\n\r\n<b>2、食物敷眼</b>\r\n\r\n<p>A、准备好一个没长芽的土豆，将其清洗干净了之后，将土豆刮皮，再冲洗一遍后切成两三厘米的厚片，再将土豆厚片敷在黑眼圈处五分钟，再揭下来将脸部清洗干净就可以了。土豆含有粉质，能够补充眼部所缺，其中晚上敷，消除黑眼圈的效果比较好。</p>\r\n\r\n<p>B、准备好一个苹果，将苹果洗好了以后切成薄片，再将其敷在眼部十五分钟就可以了拿下来了。坚持每晚用苹果片敷眼，能够有效消除黑眼圈，这是因为苹果中含有铁质，能够为眼睛提供大量的养分。</p>\r\n\r\n<p>C、将一个带壳的鸡蛋洗好，再放入锅中加水煮熟，煮熟了以后捞出来用毛巾抱着热鸡蛋，按摩眼部四周，坚持几天黑眼圈会慢慢消失。</p>\r\n\r\n<b>3、用艾叶泡脚</b>\r\n\r\n<p>艾叶性温，具有散寒止痛、温经止血的功效，用它熬水泡脚还具有去除因为体内虚火旺盛导致的黑眼圈。所以说，黑眼圈重的人们，可以尝试一些用艾叶泡脚：</p>\r\n\r\n<p>取一把艾叶，清洗干净了以后，放入锅中加水煮滚。等到汤汁熬出来了以后，将汤汁倒入木桶中，再兑入一些热水，等水温将至可以下脚的温度时，将双脚放入水中浸泡。等到全身微微出汗了以后，就可以了。每天泡一次，连续泡上两三天就可以了。</p>\r\n\r\n<p>当然，为了让黑眼圈更快地消退，建议在用艾叶水泡脚同时要喝一杯生姜大枣红糖水。</p>', '瘦身美容', 1, '20191227157743508636410169539.jpg'),
(22, '女人最易长胖的3个时期，一定要多注意', '对于女人来说，过于肥胖是很不好的，不仅对健康无益处，而且还容易影响身材，女人们在下面这三个阶段里面，女人胖得很快，务必要注意。', '2022-03-30 17:00:00', '<p>对于女人来说，过于肥胖是很不好的，不仅对健康无益处，而且还容易影响身材，女人们在下面这三个阶段里面，女人胖得很快，务必要注意。\r\n</p>\r\n<b>女人最容易变胖的3个阶段</b>\r\n\r\n<b>1、新婚期</b>\r\n\r\n<p>踏入婚姻是很幸福的一件事，新婚期的两个人，你侬我侬的，十分恩爱甜蜜，心情开了，吃得也多。而且平日里，整天黏在一起，运动的时间自然也不会多。而且两个人经常去吃吃喝喝的话，比如说吃甜点，喝碳酸饮料的话，胖的概率可是很高的。</p>\r\n\r\n<p>如果想要避免这种情况，需要夫妇两个人同时运动，这样才能更有毅力坚持下去</p>\r\n<b>2、怀孕期</b>\r\n\r\n\r\n<p>怀孕的时候女性的体重会逐渐上升的，因为需要为胎儿补充营养，如果不及时补充营养的话，胎儿没有足够的营养就无法顺利发育，甚至造成胎停，最终流产。或者说造成胎儿畸形，体重过轻等等。而且不少孕妇进食的时候，往往会摄取大量的高脂肪高热量的食物，这些食物都是容易令人发胖的。</p>\r\n\r\n<p>所以说，女人们在孕期的时候，要学会控制饮食，不能过量进补，以免体重上升过快。</p>\r\n\r\n<b>3、更年期</b>\r\n\r\n<p>更年期之后女人们的身体会老化，尤其是卵巢的功能衰退更快，从而让激素发生变化，进而影响身体脂质代谢而影响体重。而且进入更年期的女人，会因为身体的基础代谢率也会变差，从而更容易发胖。</p>\r\n\r\n<p>此外，很多女人到了更年期之后，会吃很多的滋补品，而老化加快的她们，肠胃的消化能力自然也会降低，因此，大量滋补品摄入身体之后，很容易造成营养过剩，从而变成肥胖。</p>\r\n<b>女人如何健康控制体重</b>\r\n\r\n<b>1、少喝酒</b>\r\n\r\n<p>爱喝酒的女人不少，甚至有些女人酒量比男人都好，而且每次喝酒都要喝醉了才罢手，酒的热量很高，比如说一杯二百五十毫升的酒喝三个雪糕的热量是相当的。经常喝酒的人，往往都有啤酒肚，所以说，务必要少喝酒，以免身材变胖。</p>\r\n<b>2、少喝甜饮料</b>\r\n\r\n<p>生活中不少饮料都添加了糖和奶，比如说奶茶、咖啡、冰柠檬茶等，而且前两种饮料中的脂肪含量也非常的高，经常喝的话，身体将吸收很多的热量，从而让你更容易肥胖。所以说，这些多糖的饮料要少喝，当然如果你非要喝的话，点单的时候，请选择少糖的规格。</p>\r\n\r\n<p>此外，奶昔、鲜榨果汁、乳酸类、功能性的饮料糖分也很高，平日里也应该要少喝一些。</p>\r\n', '瘦身美容', 0, '20191227157743446033710169539.jpg'),
(23, '瘦腹部，先少喝碳酸饮料', '很多的上班族都是坐着上班，这样的情况很容易就会出现腹部赘肉的情况，这也是现在很多人非常烦恼的一个问题，瘦腹部的方法有吗？今天就给大家推荐几种有效的瘦腹方法，希望可以帮助到大家。', '2020-11-30 16:00:00', ' <p>很多的上班族都是坐着上班，这样的情况很容易就会出现腹部赘肉的情况，这也是现在很多人非常烦恼的一个问题，瘦腹部的方法有吗？今天就给大家推荐几种有效的瘦腹方法，希望可以帮助到大家。</p>  \r\n\r\n<b>瘦腹部的方法</b>\r\n\r\n<b>第一种、多喝水，少喝碳酸饮料</b>\r\n\r\n<p>如果下定决心想要把腹部的赘肉减掉的话，那么就要尽量少碰碳酸饮料以及含糖量高的饮料，因为这些饮料会让我们的腹部非常的膨胀。我们在吃饭之前应该多喝水，或者是多喝添加了纤维素的水，这样子能够加速我们肠胃的运动，从而增强我们身体的代谢功能。另外，在吃饭之前喝水可以减轻我们对食物的饥饿感，从而减少我们对食物的摄入量，食物量摄入少了之后就不会有过多的脂肪堆积在我们体内。</p>\r\n<b>第二种、多喝牛奶以及豆浆\r\n</b>\r\n\r\n<p>可能很多人在瘦腹的方法当中，最先想到的就是节食，其实拒绝食物这样的行为往往是非常错误的。其实腹部的赘肉形成很可能是因为少吃蛋白质所导致，在日常生活中，我们要给自己的身体补充充足的蛋白质，早餐的时候多喝牛奶，或者是多喝一杯豆浆，可以补充我们一天所需要的高蛋白。</p>\r\n\r\n<b>第三种、每天坚持一个小时的呼啦圈</b>\r\n\r\n<p>转呼啦圈是一种非常简单，而且有乐趣的健身运动。呼啦圈可以在室内进行，也可以在室外进行，对于减掉腹部的赘肉有着很好的效果。但是我们要知道运动要达到一定的程度，才能够消耗我们体内多余的脂肪以及多余的热量，所以每次转呼啦圈的时间，必须要保持一个小时以上，千万不要敷衍转几下就结束。</p>\r\n<b>第四种、通过腹部来呼吸</b>\r\n\r\n<p>腹部呼吸这是一种非常普遍的瘦腹方法，腹部呼吸可以站着，也可以坐着，或者是躺在床上的时候都可以进行。这种非常简单的瘦腹法可以刺激我们肠胃的运动，同时也可以加快我们腹部脂肪的燃烧。可能很多人都不知道什么才是正确的腹部呼吸法，在这里给大家介绍一下，先用我们鼻子慢慢的吸气，感觉到腹部非常饱满的时候，屏住呼吸几秒钟之后，慢慢的将气体呼出。每天都坚持做腹部呼吸，长期下来，你就会发现自己的身体有很大的变化。</p>', '瘦身美容', 1, '20191225157725667626710169539.jpg'),
(24, '试试这些方法，可让牙齿变白', '牙齿对人的美观有很大的影响，因此很多人都希望能有一口洁白的牙齿。那么有哪些方法可以让牙齿变白呢？', '2021-04-28 09:27:00', '  <p>牙齿对人的美观有很大的影响，因此很多人都希望能有一口洁白的牙齿。那么有哪些方法可以让牙齿变白呢？</p>\r\n \r\n<p>怎样才能让牙齿变白</p>\r\n\r\n<b>第一、彩光美白牙齿</b>\r\n\r\n<p>这个方法治疗四环素牙较安全和舒服，而且效果也比较好。彩光美白采用物理还原的原理，美白效果直接到牙本质层，可以达到美白牙齿的效果，轻松对口腔无任何伤害，是一种新的口腔美白技术，每个人都可以信赖。</p>\r\n\r\n<b>第二、对牙齿贴面</b>\r\n\r\n<p>适合于治疗严重的四环素牙齿、门牙大间隙、颜色不均匀等，对于瓷牙不接受，可用3D牙齿雕刻牙贴，这是一个很好的解决方案。应用3D牙齿雕刻牙贴制作完美的全瓷贴面，似真正的牙齿颜色和形状。只需磨掉一层薄薄的牙齿表面并贴上瓷贴，即可恢复前牙的外观。</p>\r\n<b>第三、吃可以美白牙齿的食物</b>\r\n\r\n<p>很多食物都可以让牙齿变美白，如薄荷含有单一烯烃化合物，奶酪可以增加唾液分泌量和口腔的酸度。芹菜有纤维可以像扫帚一样清除牙齿上的食物残渣等。</p>\r\n\r\n<b>第四、美牙冠</b>\r\n\r\n\r\n<p>美牙冠是传统瓷牙的基础上发展起来的。它对成人色素牙、牙齿不规则、蛀牙等具有良好的治疗效果。它对于四环素牙齿、前牙缝过大或切牙损伤影响外观，即使因龋齿引起的前牙缺损，也有良好的修复和美化，但要求有非常整齐的牙齿，如果牙齿既黄又不整洁，不可使用美牙冠。</p>\r\n\r\n<b>第五、冷光美白</b>\r\n\r\n<p>比较适宜色素沉着的牙齿，只需30分钟即可拥有美丽的牙齿，用冷光作用于牙齿可有美白效果，它可能会对牙齿或口腔造成伤害，可去除牙齿表面和深层上的色素，从而实现美白效果。</p>\r\n<b>第六、超声波清洁牙齿</b>\r\n\r\n\r\n<p>比较适合有烟渍和茶渍、牙结石的患者，并能立即看到良好的效果，并保持牙周健康。不过这个方法只对牙齿表面有作用，不能起到增白的效果，而且有不同程度的敏感性。洗牙通常是指超声波清洗，该方法适用于去除牙齿表面的污渍，频率通常每六个月左右洗一次。\r\n</p>', '瘦身美容', 1, '20191224157718000635410169539.jpg'),
(25, '红豆绿豆，混合吃更减肥', '有一种红豆绿豆减肥法很受欢迎。红豆绿豆减肥法很受欢迎，据说效果也相当不错，还不会损害我们的身体健康。那么红豆绿豆减肥法究竟是怎么样的呢？', '2021-12-28 15:00:00', ' <p> 有一种红豆绿豆减肥法很受欢迎。红豆绿豆减肥法很受欢迎，据说效果也相当不错，还不会损害我们的身体健康。那么红豆绿豆减肥法究竟是怎么样的呢？</p>\r\n \r\n<b>红豆绿豆减肥法</b>\r\n\r\n<p>红豆绿豆减肥法的主要食材包括红豆、绿豆、山楂和大枣。做法是先将食材洗净，然后红豆和绿豆提前浸泡一个多小时，泡开后放入锅中，加入山楂和大枣，最后加入清水进行熬煮，熬煮至豆熟烂即可。</p>\r\n\r\n<p>吃法是，每天三餐将这个汤当主食吃，这期间不能吃其他食物，这样坚持一周左右能见到效果。如果实在肚子饿，还可以每天喝一杯酸奶，晚餐一定要记得在七点之前吃完，吃过之后无论如何都不要再进食。</p>\r\n\r\n<b>红豆绿豆减肥注意事项</b>\r\n\r\n<p>不过，在使用红豆绿豆减肥法的时候，也有一些注意事项要注意。绿豆属于凉性食物，所以在制作食物的时候，绿豆一定要煮熟煮烂了吃，也不要多吃绿豆，否则会出现腹泻或者虚火旺的情况，另外山楂有活血化瘀的作用，酸性较强，要注意中和。同时要注意，想要利用山楂减肥一定要用原果，而不是加工果的山楂食物，加工的山楂含有一定的糖分和热量，并不会起到减肥的作用。</p>\r\n<b>红豆绿豆能减肥的原因</b>\r\n\r\n<p>首先，红豆和绿豆都有排毒解毒的功效，同时脂肪含量不高，也有高纤维，这些都是能够消减体内脂肪的物质。其次是山楂，山楂能够健胃消食，消脂减肥，平时吃得太过油腻或不消化的食物的时候，可以泡一些山楂茶喝，帮助消化排毒。第三，红枣是补气补血的食物，同时也是低热量食物，红枣中也含有一些润肠通便的物质，这四种食物组合在一起做成食物，既能果腹，热量也不高，同时还都是健康食物，减肥效果也不错，非常适合想要健康减肥的人</p>\r\n\r\n', '瘦身美容', 1, '20191220157682493427710169539.jpg'),
(26, '孕期便秘，可这样改善', '女人们在孕期的时候，容易出现各种的问题，其中就包括便秘。大量粪便堆积在肚子里，很是难受。因此，准妈咪们，要及早想法子改善便秘。', '2020-12-28 12:00:00', ' <p> 女人们在孕期的时候，容易出现各种的问题，其中就包括便秘。大量粪便堆积在肚子里，很是难受。因此，准妈咪们，要及早想法子改善便秘。\r\n</p>\r\n <b>准妈咪如何改善便秘\r\n</b> \r\n<b>1、油腻的要少吃</b>\r\n\r\n<p>准妈咪怀孕的时候，总是觉得饿，而且又想要给宝宝充足的营养，所以说会大量吃进补的食物，尤其是一些汤类，比如说鸡汤、鱼汤、鸽子汤之类的。这些汤有些烹煮得很油腻，虽然说很滋补，但是对于准妈咪来说，并不好。</p>\r\n<p>因为孕期的时候，准妈咪容易出现消化不良问题，吃得那么油腻的话，反而会加重消化不良问题。所以说，平日里的饮食要清淡一些。如果汤比较油的话，把汤面上的油先清理掉一部分，这样就能比较好下口了。\r\n</p>\r\n\r\n<b>2、吃些香蕉</b>\r\n\r\n<p>香蕉有通便润肠的作用，吃了以后能够帮助粪便排出。但是要记住了，熟透的香蕉治疗便秘效果才好，因此，务必要吃熟透了的。连续吃上几天，才会有效果。另外，由于香蕉比较凉，再加上现在天气也比较凉。准妈咪直接生吃香蕉，也许会造成不适，所以说，建议吃的时候可以将其炖熟后食用。或者说和温水一起，榨成果汁食用。</p>\r\n<b>3、吃生苹果</b>\r\n\r\n<p>苹果富含果胶，能够很好地促进粪便的排出，减轻便秘的症状。所以说，建议准妈咪们来说，吃完饭半个小时，要吃个生苹果。这样子既能够缓解便秘，又能够预防饥饿，因为孕期消耗快，很容易饿肚子。</p>\r\n\r\n<b>4、多喝水</b>\r\n\r\n<p>不少准妈咪很怕热，因此，很容易出汗。这样子会导致体内的水分流失过多，要知道肠道蠕动将粪便排出体外，是需要水分推动的。所以说，必须要多喝水，为身体补充水分。当身体内水分足够了，肠道会吸收一部分，帮助软化粪便，这样子能够更加顺利促进粪便排出。</p>', '母婴饮食', 1, '20191016157120406743110169539.jpg'),
(27, '产后恢复身材的食物有哪些？', '我们都知道，女性在刚生完孩子之后，身体会很虚弱，因此产后吃什么对于新妈妈来说非常重要，既不可以乱吃，又要保证营养，这样才能养好健康的身体。那么，产后恢复身材的食物有哪些呢？', '2021-11-30 09:00:00', '<p>我们都知道，女性在刚生完孩子之后，身体会很虚弱，因此产后吃什么对于新妈妈来说非常重要，既不可以乱吃，又要保证营养，这样才能养好健康的身体。那么，产后恢复身材的食物有哪些呢？</p>\r\n\r\n<b>1、水果蔬菜</b>\r\n<p>\r\n新鲜水果蔬菜色鲜味美，含有丰當的维生素和矿物质，能促进食欲，还具有帮助消化及促进排泄的作用。</p>\r\n\r\n<b>2、鸡蛋</b>\r\n\r\n<p>鸡蛋中蛋白质及铁含量较高，并含有许多其他营养素，且容易被人体吸收利用，无明显的“滞胃”现象，对于产妇身体康复及乳汁分泌很有好处。每日以吃2个为宜。进食过多的鸡蛋，身体不能充分吸收，还会增加肾脏的负担。</p>\r\n\r\n<b>3、营养汤\r\n</b>\r\n<p>鸡汤味道鲜美，营养丰富，能促进乳汁分泌以及产妇身体康复；猪蹄汤、鲫鱼汤具有通经下乳的作用，此外排骨汤、牛肉汤等亦可轮换食用。</p>\r\n\r\n<b>4、米粥</b>\r\n<p>稀饭或小米粥除含多种营养成分外，还含有纤维素和较多水分，有利于消化吸收及大便排泄。而且也比较适合，产后食欲不振的妈咪食用，对消化道的负担也较小。</p>\r\n\r\n\r\n<b>5、红糖</b>\r\n\r\n<p>红糖含铁量比白糖高1~3倍。妇女产后失血较多，多吃红糖可以促逬红细胞的增长，具有生血的作用。红糖性温，有活血作用，对于产后多虚、多瘀的病理特点尤为适宜，能促进瘀血排出及子宫复原。</p>\r\n<b>6、桂圆</b>\r\n\r\n<p>桂圆味甘、性平、无毒，入脾经心经，为补血益脾之佳果。产后体质虚弱的人，适当吃些新鲜的桂圆或干燥的龙眼肉，既能补脾胃之气，又能补心血不足。</p>', '母婴饮食', 1, '20191014157104528664910138013.jpg'),
(28, '孕妇补钙，母婴更健康！', '补钙是孕妇养生的过程中必不可缺的一个项目，适当的补钙不仅是对孕妇自身健康有益，也有利于胎儿的成长发育。一般来说，通过食物补钙是很好的方法，那么孕妇吃什么补钙呢？', '2022-03-29 12:00:00', '  <p>   补钙是孕妇养生的过程中必不可缺的一个项目，适当的补钙不仅是对孕妇自身健康有益，也有利于胎儿的成长发育。一般来说，通过食物补钙是很好的方法，那么孕妇吃什么补钙呢？</p>\r\n\r\n<b>1、蔬菜</b>\r\n\r\n<p>蔬菜中也有许多含钙丰富的。雪里红100克含钙230毫克;小白菜、油菜、芫荽、芹菜等每100克钙含量也在150毫克左右，这些绿叶蔬菜每天吃上250克就可补钙400毫克，所以孕妇朋友们应该多吃蔬菜。</p>\r\n<b>2、喝汤</b>\r\n\r\n\r\n<p>动物骨头里80%以上都是钙，但是不溶于水，母体难以吸收，因此在用骨头熬汤的时候可以事先将骨头敲碎成小块，加醋后用文火慢煮。孕妇食用的时候去掉浮油，放些青菜或者加点蘑菇、玉米之类的炖一炖即可做成一道营养美味的鲜汤，能起到很好的补钙效果。</p>\r\n\r\n<b>3、乳制品</b>\r\n\r\n<p>以牛奶为例，牛奶除了含有丰富的钙质外，还含有多种氨基酸、乳酸、矿物质及维生素，促进钙的消化和吸收。而且牛奶中的钙质人体更易吸取，因此，牛奶应该作为孕妇日常补钙的主要食品。其他奶类制品如酸奶、奶酪、奶片，都是良好的钙来源</p>\r\n\r\n<b>4、豆制品</b>\r\n\r\n<p>豆制品也是孕妇补钙不错的选择，大豆是高蛋白食物，含钙量也很高。500克豆浆含钙120毫克，150克豆腐含钙就高达500毫克，其他豆制品也是补钙的良品。需注意的是，豆浆需要反复煮开7次，才能够给孕妇食用，而且豆制品不宜与许多事物同时服用。</p>\r\n<b>5、海产品</b>\r\n\r\n<p>在含钙的海产品中，虾皮是高钙海产品的典型代表，每25克虾皮就含有500毫克的钙，所以，用虾皮做汤或做馅都是孕妇日常补钙的不错选择。不过容易对海制品过敏的孕妇人群要小心食用。</p>\r\n', '母婴饮食', 0, '20190924156931261778010138013.jpg'),
(29, '怀孕初期，各位宝妈请注意你们的饮食！', '怀孕初期是胎儿最脆弱的时候，如果是身体比较虚弱的女性就很容易造成流产，科学地选择食物不仅有利于母体健康，更有益于胎儿的发育。因此在生活和饮食上要注意合理安排，补充充足的营养。', '2020-08-31 16:00:00', ' <p>怀孕初期是胎儿最脆弱的时候，如果是身体比较虚弱的女性就很容易造成流产，科学地选择食物不仅有利于母体健康，更有益于胎儿的发育。因此在生活和饮食上要注意合理安排，补充充足的营养。</p>\r\n  \r\n<p>怀孕初期应该遵循营养全面、科学搭配的原则，避免怀孕初期营养不良或营养过剩造成的滑胎事故。因此对于孕妈咪的饮食应注意少量多餐，食物烹调清淡，避免食用过分油腻和刺激性强的食物。另外，食物的选择不仅要考虑营养全面性，还有适当的照顾到孕妈咪自身的口味。</p>\r\n\r\n<b>安胎饮食原则</b>\r\n\r\n<b>1、供给充足的热量</b>\r\n\r\n<p>孕初期很多孕妇有孕吐的困扰，可能会食欲不振，这时更应该注意食物的供给。可以随时吃一点高热量小零食，如饼干、酸奶、坚果等。</p>\r\n\r\n<b>2、供给充足的蛋白质\r\n</b>\r\n<p>孕早期应更加注意蛋白质的摄入，多吃一些富含蛋白质的食物。蛋白质含量丰富的食物有鸡蛋、猪瘦肉、鸡肉、兔肉、牛肉、鱼类、豆制品、小米、豆类等。在动物蛋白中，牛奶、蛋类的蛋白质是所有蛋白质食物中品质较好的，其原因是容易消化，氨基酸齐全。</p>\r\n\r\n<b>3、摄入充足的维生素</b>\r\n\r\n<p>女性怀孕时期需要的维生素营养是全面的，因此，在饮食调节上孕妈应注意各种维生素的吸收，多吃一些蔬菜和水果来补充各种维生素。尤其是叶酸、维生素B2、维生素B6等的摄入。富含维生素的食物：胡萝卜、西红柿、鸡蛋、牛肝和猪肝、牛奶、奶酪等。</p>\r\n<b>安胎食谱推荐</b>\r\n\r\n<b>1、胡萝卜番茄浓汤</b>\r\n\r\n<p>孕早期容易出现早孕反应，妈妈可以选择一些开胃的汤水，且胡萝卜可以提供丰富的维生素A，可以保护视力，缓解皮肤干燥，清除致人衰老的自由基，其中的B族维生素和维C等也有润皮肤、抗衰老的作用；番茄有大量的胡萝卜素、B族维生素、维C和番茄红素，可以抗衰老，保持皮肤白皙，还能保持血管壁的弹性。</p>\r\n\r\n<b>2、银耳花生红枣汤</b>\r\n\r\n<p>银耳含植物性胶质，经常吃可以有效润肤，祛斑，维生素D，能防止钙的流失，对生长发育十分有益，硒等微量元素，可以增强机体抗肿瘤的免疫力；花生含丰富的锌与维生素E，可以增强记忆，抗老化，滋润皮肤，可溶性纤维可以促进排便，润肺、和胃、补脾；红枣补血气，补脾胃。</p>', '母婴饮食', 1, '20190829156706105292510138013.jpg'),
(30, '夏天，孕妇吃什么水果好解暑？', '夏天天气热，人们很容易食欲不振，而孕妇作为特殊人群，更容易怕热，缺乏胃口，为了胎儿的健康，她们又必须吃东西补充营养，那么夏季孕妇吃什么水果好呢？', '2021-05-26 11:00:00', '<p> 夏天天气热，人们很容易食欲不振，而孕妇作为特殊人群，更容易怕热，缺乏胃口，为了胎儿的健康，她们又必须吃东西补充营养，那么夏季孕妇吃什么水果好呢？\r\n</p>\r\n  <b>1、苹果</b>\r\n\r\n<p>含有多种维生素和矿物质、苹果酸鞣酸和细纤维等，许多孕妇怕胖，多吃苹果则可防止过度肥胖，同时对胎儿发育很有帮助。苹果对肠胃功能也具调节作用。若能连皮一起吃，无论便秘或拉肚子都能改善，为便秘所苦之孕妇不妨多尝试。门诊中常见怀孕妇女气色不好，多与贫血有关，吃苹果可加以改善，所以苹果又兼具美容效果。苹果的另一项重要功效就是可缓解孕吐，对食欲差、恶心都有不错的缓解效果。</p>\r\n\r\n<b>2、樱桃</b>\r\n\r\n<p>所有水果中，樱桃所含的铁质特别丰富，几乎是苹果、橘子、梨的20倍，而且它还含有胡萝卜素(比葡萄、苹果、橘子多4~5倍)、维生素B1、B2、C以及柠檬酸、钙、磷等营养成分，多食用可补血及帮助肠胃功能。若孕妇食欲不佳，更应积极吃樱桃，对胎儿很有帮助，许多孕妇常吃樱桃，生下的宝宝多拥有一张红润的健康面容。</p>\r\n\r\n<b>3、西柚</b>\r\n\r\n<p>含有天然叶酸。叶酸不但对早期妊娠非常重要，在整个怀孕期也同样必不可少。孕期随着胎儿身体组织迅速成长，孕妇需要大量叶酸来满足胎儿的需要。叶酸缺乏不仅会使妊娠高血压症、胎盘早剥的发生率增高，更会导致孕妇患上巨幼红细胞贫血，出现胎儿宫内发育迟缓、早产及新生儿低出生体重。因此，西柚也是孕期妇女首选。</p>\r\n<b>4、葡萄</b>\r\n\r\n<p>富含铁、磷、钙、有机酸、卵磷脂、胡萝卜素及维生素B1、C等，孕妇血色不足、血压偏低、循环不好、冬天手脚冰冷，多吃葡萄可帮助改善，更特别的是，如果孕妇有出血现象，葡萄还有安胎作用，而且能帮助胎儿发育。\r\n</p>\r\n<b>5、火龙果</b>\r\n\r\n<p>吃火龙果能够护肤、保护肠胃、缓解便秘，同时，对妊娠高血压有预防的效果。</p>\r\n\r\n', '母婴饮食', 0, '20190722156378190637910138013.jpg'),
(31, '降肝火，这些水果有效果', '现在很多年轻人来说，无辣不欢，喜欢吃重盐重油的食物，这样的食物很容易让人上火，加上很多人习惯熬夜，不管是因为工作原因还是生活，熬夜也同样让人上火，两个坏习惯让现在很多年轻人肝火旺盛。如果肝火旺盛的话，其实可以喝一些茶来帮忙降肝火，也可以吃一些水果降肝火！', '2021-05-31 08:08:00', ' <p>  现在很多年轻人来说，无辣不欢，喜欢吃重盐重油的食物，这样的食物很容易让人上火，加上很多人习惯熬夜，不管是因为工作原因还是生活，熬夜也同样让人上火，两个坏习惯让现在很多年轻人肝火旺盛。如果肝火旺盛的话，其实可以喝一些茶来帮忙降肝火，也可以吃一些水果降肝火！</p>\r\n  \r\n<b>有哪些水果能够降肝火呢？</b>\r\n\r\n<b>1.西红柿</b>\r\n\r\n<p>西红柿既可以作为蔬菜，也可以作为水果食用。西红柿含有丰富的营养，不仅能美容养颜，还能减肥瘦身，同时也有清热解毒的作用，吃西红柿能够平肝去火，肝火旺的朋友每天吃两颗大西红柿能帮忙降火，也能帮助减肥。</p>\r\n\r\n<b>2.梨</b>\r\n\r\n<p>众所周知，梨能够润肺止咳，除了这个功效，梨还有清热解渴、降火利尿等功效，肝火旺的人，每天吃一颗梨能够很好的缓解上火症状。</p>\r\n<b>3.柠檬\r\n</b>\r\n\r\n<p>柠檬很多人用来泡水喝，有美白的作用，也有人用来当调味料，让食物更美味，其实柠檬也同样有清热解毒的作用，经常用柠檬泡水喝，能够帮助降肝火。</p>\r\n<b>4.橄榄</b>\r\n\r\n<p>橄榄既是一种水果，也是一种药材，能够清热解毒，生津止渴，还能够润肺止咳，肝火旺的人可以每天吃几颗橄榄。</p>\r\n\r\n<b>5.荸荠</b>\r\n\r\n<p>荸荠同样有清热解毒的功效，还能温中益气、开胃消食，肝火旺的人可以吃一些荸荠，生吃或者煮汤吃都可以。荸荠还能润肺消肿，对于痰热咳嗽、咽喉肿痛有不错的疗效。</p>', '食疗食补', 0, '20191217157655520780310169539.jpg'),
(32, '十大驱寒食物，助你温暖过冬', '虽然冬天非常冷，但是在我们吃完饭之后，身体是暖和的，这就是食物给我们身体提供了足够的热量，那么什么食物能更有效的帮助我们驱寒保暖呢？什么食物能给我们的身体持续的提供热能呢？一起了解一下！', '2021-12-27 08:00:00', '  <p>虽然冬天非常冷，但是在我们吃完饭之后，身体是暖和的，这就是食物给我们身体提供了足够的热量，那么什么食物能更有效的帮助我们驱寒保暖呢？什么食物能给我们的身体持续的提供热能呢？一起了解一下！</p>\r\n   \r\n<b>冬天太冷怎么办</b>\r\n\r\n<b>温灸驱寒</b>\r\n\r\n<p>选择特定穴位予以针刺、艾灸或贴敷，能起到顾护初升阳气、扶正固本的作用，从而调动人体潜能，激发正气，祛除病邪。</p>\r\n\r\n <b>不要熬夜</b>\r\n\r\n<p>异常或毫无规律的生活、作息习惯会耗伤阳气，比如熬夜、贪食冷饮冷食等都会耗伤阳气、积聚寒气。熬夜的人大都会有类似的感受:一到凌晨三四点钟，就会手脚冰凉、浑身发冷、脑子不听使唤，这其实就是熬夜内耗气血，寒邪趁虚入侵人体，导致经络阻塞的表现。</p>\r\n<b>锻炼身体</b>\r\n<p>锻练可以强健机体各系统功能，促进组织器官代谢和调节更趋健旺与协调，如此一来则阳气输布充沛，寒气自然就无藏身之地了。</p>\r\n\r\n<b>按摩对应穴位</b>\r\n\r\n<p>驱寒穴位指的是涌泉穴和劳宫穴。涌泉穴位于脚底心，是肾经经脉的第一穴，平时可用手掌快速揉搓该穴，直到脚底心发热为止，改善四肢的血液循环。劳宫穴则位于手掌心，可以一手握拳，揉搓另一手该穴位，直到手心微微发热，然后两手交替，这样不但可改善手脚冰凉症状，还可降低血压。</p>\r\n<b>驱寒温补食物推荐</b>\r\n\r\n<b>肉类：</b>\r\n<p>羊肉补益虚劳、平肝、治脾胃虚弱。牛肉益气养血，治精血虚亏，牛肝补肝益血、明目，牛血理气补中。鸡肉温补脾胃、补血益肾。狗肉滋补脾胃、温肾补阳。鼠肉治虚弱体劳，疳积膨胀。猫肉通经活络、补虚养血，可治血小板减少性紫癜。鹿肉补五脏，疗虚劳，通络祛风，鹿鞭壮阳。猪肝补肝明目、益气养血。</p>\r\n\r\n<b>鱼类：</b>\r\n\r\n<p>鲫鱼补脾虚，助消化，疗食欲不振。鲢鱼补中益气、暖胃、泽肤。鲟鱼活血通络、益气补虚。黄鳝补肝养血，温阳益脾。</p>\r\n\r\n<b>黑木耳：</b>\r\n\r\n<p>可有效的降低血黏度，延缓动脉硬化，预防心血管疾病\r\n</p>', '食疗食补', 1, '20191216157646815187910169539.jpg'),
(33, '这些养胃误区，你是不是也犯过', '现在生活水平越来越高，人们对于饮食的要求却越来越低。有不少人因为胡吃海吃，把胃都吃坏了。怎么养胃成了大家关注的焦点。但是不少人在养胃的过程中出现了很多错误，我们一起来看看吧。', '2021-12-28 17:00:00', '<p>  现在生活水平越来越高，人们对于饮食的要求却越来越低。有不少人因为胡吃海吃，把胃都吃坏了。怎么养胃成了大家关注的焦点。但是不少人在养胃的过程中出现了很多错误，我们一起来看看吧。</p>\r\n\r\n<b>日常养胃的3大误区\r\n</b>\r\n<b>误区一：喝牛奶对胃有好处</b>\r\n<p>胃部酸胀不适时，喝杯热牛奶便可缓解症状，感到舒服。这是因为牛奶稀释了胃酸，暂时形成一层胃黏膜保护层，因而感到舒服，但经常喝牛奶就未必对胃病患者有利了。</p>\r\n\r\n<p>现已证明，牛奶刺激胃酸分泌的作用比牛奶本身中和胃酸的作用更强，若胃病（如胃溃疡）需要抗酸治疗，是不宜用喝牛奶的办法解决的。豆浆则是个不错的选择。</p>\r\n\r\n\r\n<b>误区二：姜对胃病患者有益无害</b>\r\n\r\n<p>人们普遍认为姜可暖胃，胃部不适时喝碗姜末水是常见的事。胃病患者根据自己的情况，偶尔用之，且无不良反应，未尝不可。</p>\r\n\r\n<p>我们需要知道，姜是刺激性食物，过量食用会刺激胃酸分泌，容易引起胃部的不适或是加重胃痛的病情。若想用姜来治胃病那么可以用中医辨证来治疗，不同的方剂采用对症的治疗。</p>\r\n\r\n<b>误区三：喝粥对胃病患者好\r\n</b>\r\n<p>不少胃病患者认为粥细软，易消化，能减轻胃的负担。事实上，这种观点并不全面。</p>\r\n\r\n<p>原因是，喝粥不用慢慢咀嚼，不能促进口腔唾液腺的分泌，而唾液中的淀粉酶可以帮助消化。再者粥水分多，稀释了胃液，加速了胃的膨胀，使胃运动缓慢，不利于消化吸收。</p>\r\n\r\n<p>热粥的温度对胃的刺激也是很大的。因此建议胃病患者们不要天天喝粥，而是要应选择容易消化吸收的食品，咀嚼时要细嚼慢咽，这样才能促进消化，才更有益处。</p>\r\n', '食疗食补', 0, '20191213157622714055210169539.jpg'),
(34, '想要增肥，也是有食谱的', '生活中大多数人都在减肥，但其实还有一部分消瘦的人。那么，消瘦的人如何增肥呢？这里推荐几款食谱，对于消瘦之人增肥效果挺不错的，可以吃一吃。', '2021-12-07 21:00:00', '  <p>    生活中大多数人都在减肥，但其实还有一部分消瘦的人。那么，消瘦的人如何增肥呢？这里推荐几款食谱，对于消瘦之人增肥效果挺不错的，可以吃一吃。</p>\r\n\r\n<b>消瘦的人增肥中医食谱</b>\r\n\r\n<b>一、豆浆粥</b>\r\n\r\n<p>准备好一杯的大米(一人份)，500毫升的新鲜豆浆。然后将大米淘洗干净，将其和豆浆一起倒入锅中，开火直接炖煮熟烂，最后加入少许的白糖调味就可以吃了。如果觉得汤少，烹煮的时候可以加些开水一起炖煮。</p>\r\n\r\n<p>吃法：可以每天食用，不管地当早餐还是晚餐都可以。这款粥适合身体虚弱所致的消瘦之人食用。</p>\r\n<b>二、羊骨粥</b>\r\n\r\n\r\n<p>准备好1具羊脊骨，40G的肉松蓉，3G的黄藤子，1人份的大米。然后将羊脊骨洗净剁碎备用，再将肉松蓉和黄藤子用纱布包扎起来(两者都是中药材，可以在药店买到)。之后将纱布包和羊脊骨一起放入锅中加入适量清水炖煮，等到汤汁熬出来以后，过滤多另一口锅中，再加入大米开大火继续熬煮。煮至粥变得粘稠了以后，就可以起锅食用了。</p>\r\n\r\n<p>吃法：每天吃一次就好了，食用量要注意，可别吃太多了。建议虚弱消瘦的人，想增肥时进食。</p>\r\n\r\n<b>三、黄芪粥</b>\r\n\r\n<p>准备好50G的大米，30G的黄芪，10G的大枣。然后将黄芪冲一下放入锅中，倒入800毫升的清水，再开火煎煮半个小时。在等待的过程中，将大米淘洗好，并且将大枣洗好挖掉果核备用。等到黄芪汤汁煎好了以后，过滤出汤汁倒入另一口锅中，再倒入大米和大枣，开火继续炖煮。如果你害怕汤汁少粘锅的话，可以再加入少量的开水一起煮。最后煮粘稠了就可以出锅食用了。</p>\r\n\r\n<p>吃法：每天早上和晚上各吃一次，每次要趁热的的时候进食，消瘦的人可以吃。</p>\r\n\r\n<b>四、药乳粥</b>\r\n\r\n<p>准备好适量的干山药(药店有售，并且可以让店员将山药研成粉末再取走)、乳酪和白糖。然后洗好锅，往锅里倒入适量的清水，再倒入30G的山药粉，调匀了以后开小火煮熟。等到沸腾了两三次之后，加入乳酪、白糖就可以食用了。注意烹煮过程要多搅拌，不然容易粘锅。</p>\r\n\r\n<p>吃法：一天吃一次，由于山药性味甘平，吃它有助补虚长肌肉，所以说虚瘦的人群可以吃一些增肥，帮助强身健体。</p>\r\n', '食疗食补', 0, '20191219157674155919610169539.jpg'),
(35, '月经不调，女人大忌！', '女性正常的月经反应了体内良好的内分泌水平和旺盛的生殖能力，这些也是女性保持美丽容易和好身材的基础，因此女性要想身体健康，最重要的就是要调理好月经，调理月经的方法有很多，常见的就是饮食调理，下面就来看看吃什么调理月经。', '2021-10-31 14:00:00', ' <p> 女性正常的月经反应了体内良好的内分泌水平和旺盛的生殖能力，这些也是女性保持美丽容易和好身材的基础，因此女性要想身体健康，最重要的就是要调理好月经，调理月经的方法有很多，常见的就是饮食调理，下面就来看看吃什么调理月经。</p>\r\n \r\n<b>1、南瓜红糖蜜枣汤</b>\r\n\r\n<p>补气补血，适合月经不调，气血不稳的女性，活气养颜，止血调理。</p>\r\n\r\n<p>做法：南瓜削去表皮挖瓤，洗净，切滚刀块儿。将无核蜜枣、南瓜、红糖一起放入煲中，加水用文火熬至南瓜熟烂为止。</p>\r\n<p>小贴士：南瓜性温味甘，可补中益气，含有丰富的胡萝卜素，经人体吸收后为维生素A，并含有丰富的维生素E，女性经期服用，可益气补血。红枣则能补脾和胃，益气生津，滋阴养血。红糖含有微量元素和多种矿物质，有暖胃、补血、活血、散寒的作用。</p>\r\n\r\n\r\n<b>2、当归生姜羊肉汤</b>\r\n\r\n<p>此汤特别适宜气血亏虚、大病久病及产后的女性食用，对改善痛经、月经不调也有显著效果。</p>\r\n\r\n<p>做法：羊肉500克、当归30克、生姜50克。羊肉用清水洗净后再用生姜爆炒，当归则以纱布包裹，再与爆炒好的羊肉一起煮汤。</p>\r\n<b>3、熟地黄炖乌鸡</b>\r\n\r\n<p>此汤有补髓养血、滋补肝肾的功效，对女士月经不调有一定的调理作用，亦可为中老年人秋凉时的养生汤饮。</p>\r\n<p>做法：乌鸡1只宰洗净，去脏杂和尾部，猪瘦肉100克洗净，一起与25克熟地黄、3片生姜下炖盅，加冷开水约6碗量，加盖隔水炖2个半小时便可。\r\n</p>\r\n\r\n<b>4、黑木耳煲红枣</b>\r\n\r\n<p>有养血补气，和血止血之功效。适用于治疗血虚引起的月经过多。</p>\r\n\r\n<p>做法：将黑木耳25克红枣20枚，加水适量煲汤饮食，每天1次，连服数日。</p>\r\n\r\n<b>5、红枣乌鸡汤</b>\r\n\r\n<p>红枣自古以来是补血佳品，而乌鸡更能益气、滋阴，特别适合女性朋友，对于月经紊乱有一定疗效，经常食用还能美容呢。</p>\r\n<p>做法：乌鸡半只，红枣一百克，枸杞十克，益母草十克，除了盐，什么都不加，文火慢炖两小时。卖相虽然不好，对滋补肝肾，清热益气却很有效。尤其是冬天手脚冰凉的女生，多喝可以补血补气增强抵抗力。</p>\r\n\r\n', '食疗食补', 1, '20191225157726451865810138013.jpg');

-- --------------------------------------------------------

--
-- 表的结构 `mstx_ingredients`
--

CREATE TABLE `mstx_ingredients` (
  `fid` int(11) NOT NULL,
  `fname` varchar(255) NOT NULL,
  `fimg` varchar(125) NOT NULL,
  `fdescribe` varchar(125) NOT NULL
) ENGINE=InnoDB DEFAULT CHARSET=utf8;

--
-- 转存表中的数据 `mstx_ingredients`
--

INSERT INTO `mstx_ingredients` (`fid`, `fname`, `fimg`, `fdescribe`) VALUES
(1, '鸡肉', 'jichi.jpg', '老少通吃'),
(2, '猪肉', 'zhuliji.jpg', '超嫩小鲜肉'),
(3, '牛肉', 'c640_20160511146297717623213.jpg', '可记得吮指之乐'),
(4, '鸡蛋', '20171207151265747057813.jpg', '营养价值连城'),
(5, '香肠', '20170803150176246990513.jpg', '美味佳肴'),
(11, '草鱼', 'guiyuguiyu.jpg', '春令时鲜'),
(12, '鲤鱼', '201202011554169.jpg', '春季养生美味为先'),
(13, '鲫鱼', 'jiyu.jpg', '一勺清汤胜万钱'),
(14, '带鱼', '20180424152455816168413.jpg', '鱼你一起'),
(15, '虾', 'c640_20160126145377212110513.jpg', '海中牛奶'),
(16, '黄花鱼', '20130224121944963506775.jpg', '美味从此刻开始'),
(17, '鳕鱼', 'c640_201506041433385819917.jpg', '美好的一天从深海开始'),
(18, '三文鱼', '', ''),
(19, '鲳鱼', '', ''),
(20, '鳗鱼', '', ''),
(21, '娃娃菜', 'jicai.jpg', '食以野为奇'),
(22, '山药', 'shanyao.jpg', '补虚上品“小人参”'),
(23, '西红柿', '', ''),
(24, '白菜', '', ''),
(25, '油菜', '', ''),
(26, '韭菜', '', ''),
(27, '大白菜', '', ''),
(28, '芦蒿', '', ''),
(29, '莴笋', '', ''),
(30, '芹菜', '', '');

-- --------------------------------------------------------

--
-- 表的结构 `mstx_menu`
--

CREATE TABLE `mstx_menu` (
  `mid` int(11) NOT NULL,
  `uid` int(11) NOT NULL,
  `fid` int(11) NOT NULL,
  `mname` varchar(255) NOT NULL,
  `finished_img` varchar(255) NOT NULL,
  `mdescribe` text NOT NULL,
  `difficulty` varchar(255) NOT NULL,
  `mtime` varchar(255) NOT NULL,
  `flavor` varchar(255) NOT NULL,
  `workmanship` varchar(255) NOT NULL,
  `kitchenware` varchar(255) NOT NULL,
  `materials` varchar(1024) NOT NULL,
  `accessories` varchar(1024) NOT NULL,
  `ingredients` varchar(1125) DEFAULT NULL,
  `tips` varchar(1024) NOT NULL,
  `is_draft` int(11) NOT NULL
) ENGINE=InnoDB DEFAULT CHARSET=utf8;

--
-- 转存表中的数据 `mstx_menu`
--

INSERT INTO `mstx_menu` (`mid`, `uid`, `fid`, `mname`, `finished_img`, `mdescribe`, `difficulty`, `mtime`, `flavor`, `workmanship`, `kitchenware`, `materials`, `accessories`, `ingredients`, `tips`, `is_draft`) VALUES
(1, 1, 1, '三杯鸡', 'c640_201501311422698318644.jpg', '三杯鸡最先起源于江西，2008年，这道菜还入选了奥运主菜单\r\n\r\n后来，三杯鸡传到了台湾，最先江西是以米酒，猪油，酱油各一杯来烹调，以此起名为三杯鸡，到了台湾后，台湾人对它进行了小改造，将油腻的猪油换成了清淡的食用油，而且加入了一种独特的香料——九层塔', '高级', '半小时', '香草', '烧', '不粘锅、平底锅、炒锅', '<span>主料：</span><div><span>鸡肉（半只）</span>\r\n    <span>九层塔（10克左右）</span>\r\n    <span>洋葱（小半个）</span>\r\n    <span>辣椒（3个）</span>\r\n    <span>姜（5片）</span>\r\n    <span>大蒜（10个）</span>\r\n    <span>麻油（一杯）</span>\r\n    <span>生抽（一杯）</span>\r\n    <span>米酒（一杯）</span>\r\n  </div>', '<span>辅料：</span>\r\n  <div>\r\n    <span>精盐（适量）</span>\r\n    \r\n  </div>', '', '  <p>  A：如果口味偏清淡的，可以不再加盐和味精，烹制此菜无需放汤或加水，以免失其原汁原味</p>\r\n<p>B：传统的三杯鸡做法是用砂锅焖煮，如果确实没有也可以用炒锅，需注意火候控制，以免鸡肉未熟透汤汁已收干，避免糊锅</p>', 0),
(2, 2, 1, '橙汁鸡丸', '20171221151382790223513 (1).jpg', '小朋友最喜欢的肉肉菜，妈妈做的饭最好吃啦。', '普通', '数分钟', '甜味', '炒', '平底锅', '<span>主料：</span><div><span>鸡肉（适量）</span>\r\n    <span>洋葱（适量）</span>\r\n    <span>荷兰豆（适量）</span>\r\n    <span>胡萝卜（适量）</span>\r\n   \r\n  </div>', '<span>辅料：</span>\r\n  <div>\r\n    <span>盐（适量）</span>\r\n<span>生粉（适量）</span>\r\n<span>橙汁（适量）</span>\r\n    \r\n  </div>', NULL, '<p>捏肉丸时不要太用力，松松的就可以。</p>', 0),
(3, 3, 1, '香肠鸡肉卷', '20170803150176140551813.jpg', '吃过珍妮家的好吃香肠，就想用香肠来做一款不一样的美味。我平时也很喜欢吃鸡肉，鸡肉经过提前腌制已经入味，可以使烤出来的口感更香，而将香肠夹在鸡肉中间，品尝到鲜香鸡肉的同时，还可以吃到非常有味道的香肠，不仅是双重口感，还是两重滋味，这样做好直接吃起来都是非常美味了，如果直接拿起来大啃，那真是更加过瘾呢！', '普通', '数小时', '原味', '烤', '空气炸锅', '<span>主料：</span><div><span>鸡块（3个）</span>\r\n    <span>香肠（3根）</span>\r\n</div>', '<span>辅料：</span>\r\n  <div>\r\n    <span>烤肉酱（半袋）</span>\r\n<span>蜂蜜水（6g）</span>\r\n  </div>', NULL, '<p>1.鸡块要选择大些的，面积大才好裹香肠。\r\n2.用烤肉酱比较省事，也可以用奥尔良等腌鸡料腌制。\r\n3.鸡肉如果想切块，需要放凉后好切。切时先剪掉绵线，如果不绑绵线，在烘烤中鸡肉就会散开。</p>', 0),
(4, 4, 2, '炸猪肉丸子', 'c640_201411031414999191927.jpg', '今天就上一款油炸丸子,美味又健康.当零食放菜里面一起调制都是不错的选择.', '普通', '半小时', '原味', '炸', '空气炸锅', '<span>主料：</span><div><span>猪肉（200g）</span></div>', '<span>辅料：</span>\r\n  <div>\r\n    <span>油（少量）</span>\r\n<span>玉米淀粉（2勺）</span>\r\n<span>鸡蛋（1个）</span>\r\n<span>鸡精（少量）</span>\r\n<span>酱油（少量）</span>\r\n  </div>', NULL, '<p>1.炸肉丸应选用三分肥七分瘦的猪肉炸出来的口感比较好\r\n2,肉丸加入馒头碎味道更好</p>', 0),
(5, 5, 2, '莙荙菜杆炒肉丝', '2022042816511144718651.jpg', '简单美味快手菜。', '简单', '十分钟', '原味', '炒', '炒锅', '<span>主料：</span><div><span>莙荙菜杆（一把）</span>\r\n    <span>肉丝（适量）</span>\r\n</div>', '<span>辅料：</span>\r\n  <div>\r\n    <span>花生油（适量）</span>\r\n<span>盐（少许）</span>\r\n<span>料酒（少许）</span>\r\n<span>老抽（少许）</span>\r\n  </div>', NULL, '', 0),
(6, 6, 2, '白萝卜炖猪肉', '20180424152456289320713.jpg', '秋末冬初这个季节多吃一些萝卜对我们的身体有着很大的好处。尤其是冬天，我喜欢吃萝卜炖肉。很好吃的又有营养。具有:消食健胃，理气化痰，用于脾失健运挟食、挟痰厌食症的功效。\r\n白萝卜味甘性凉，宽中下气，消食化痰；排骨甘平，补虚弱。强筋骨。与萝卜炖服，气香味鲜，是患厌食症小儿的辅助食疗菜肴.', '简单', '一小时', '咸甜', '炖', '炒锅', '<span>主料：</span><div><span>白萝卜（500克）</span>\r\n    <span>猪肉（500克）</span>\r\n</div>\r\n', '<span>辅料：</span>\r\n  <div>\r\n    <span>葱姜（适量）</span>\r\n<span>盐（3克）</span>\r\n<span>酱油（10ml）</span>\r\n<span>糖（5克）</span>\r\n<span>八角（1个）</span>\r\n<span>辣椒（1个）</span>\r\n<span>料酒（适量）</span>\r\n  </div>', '', '<p>白萝卜性寒凉，不适合脾胃虚弱者食用，同时服用参类滋补药时，应忌食白萝卜。</p>', 0),
(7, 7, 3, '粉蒸牛肉', 'c640_20160928147504454021013.jpg', '好吃的粉蒸牛肉，关键在于手工米粉和酱香味儿。', '简单', '一小时', '咸甜', '蒸', '蒸锅', '<span>主料：</span><div><span>牛肉（250克）</span>\r\n    <span>大米（150克）</span>\r\n    <span>独蒜（1头）</span>\r\n    <span>小葱（2根）</span>\r\n    <span>香菜（2根）</span>\r\n  </div>', '<span>辅料：</span>\r\n  <div>\r\n    <span>干红辣椒（2个）</span>\r\n<span>八角（1个）</span>\r\n<span>桂皮（3克）</span>\r\n<span>陈皮（3克）</span>\r\n<span>花椒（3克）</span>\r\n<span>豆瓣酱（适量（红油））</span>\r\n<span>盐（少许）</span>\r\n<span>胡椒碎（适量）</span>\r\n<span>花椒碎（适量）</span>\r\n<span>生抽（适量）</span>\r\n<span>耗油（适量）</span>\r\n<span>淀粉（适量）</span>\r\n  </div>', NULL, '<p>1、如果没有料理机，可以用擀面杖碾碎，只是有点麻烦；\r\n2、牛肉不要用纯瘦的，最好还是带点肥的出油更香；\r\n3、这道粉蒸牛肉关键在于炒米粉和酱香味，味道的浓香度可根据个人喜好去调。</p>', 0),
(8, 7, 3, '烫面千层牛肉饼', 'c640_201503181426647322293.jpg', '千层肉饼是一道汉族面食小吃，也是山东名吃之一。这种饼外边用一层面皮包起来，而内有十数层，层层相分，外酥里软，味道香美。\r\n但是据说还有另外一种说法，西安也有“千层牛肉饼”。唐代著名诗人白居易《寄胡麻饼与杨万州》一诗中写道：“胡麻饼样学京都，面脆油香新出炉，寄与饥馋杨大使，尝香得似辅兴无”，诗中所指的胡麻饼就是如今的“香酥牛肉饼”。\r\n不管那种传说是真是假，反正这种千层牛肉饼它以色泽金黄、层次鲜明、外酥里嫩、香酥适口、油而不腻，香飘四溢而广受喜爱。更重要的是它制作工艺非常具有观赏性，真是面皮薄如纸，特别是肉饼要出锅的时候，令人垂涎的香气四溢，令人大动食欲，真是好闻好看又好吃。\r\n在家怎样才能做出这种人见人爱、百吃不腻的千层牛肉饼呢？\r\n第一，要从和面开始，要和出烫面来，才能让饼皮外酥里软。\r\n第二，要把牛肉馅里加足胡椒水搅拌出筋，才能保证牛肉鲜嫩无比。\r\n第三，把面饼擀好后，要划成井字分割。\r\n第四，面饼上要刷一层薄薄的橄榄油，会让饼更加层层分明。\r\n第五，电饼铛或平锅要预热高温，烙起来一定改成中小火慢慢把里面的肉烙熟，出锅前温度再略高这样烙出的饼皮才会酥脆不存油。', '普通', '半小时', '咸鲜', '烙', '电饼铛', '<span>主料：</span><div><span>牛肉（220克）</span>\r\n    <span>大葱（160克）</span>\r\n    <span>姜（10克）</span>\r\n    <span>酱油（2勺）</span>\r\n    <span>盐（适量）</span>\r\n<span>花椒（2克）</span>\r\n  </div>', '<span>辅料：</span>\r\n  <div>\r\n    <span>橄榄油（1大勺）</span>\r\n<span>香油（1小勺）</span>\r\n<span>料酒（1大勺）</span>\r\n<span>白糖（5克）</span>\r\n  </div>', NULL, '', 0),
(9, 6, 3, '炖牛肉', 'c640_20160413146055422977113.jpg', '牛肉是中国人的第二大肉类食品，仅次于猪肉。牛肉蛋白质含量高，而脂肪含量低，所以味道鲜美，受人喜爱，享有“肉中骄子”的美称。中医讲，牛肉有补脾胃、益气血、强筋骨、消水肿等功效。今天就做这锅最简单的炖牛肉。这次的量比较大，一次吃不完，可以炖好后放大碗中，分次做成不同的牛肉美食。比如这第一顿的炖牛肉，还可以做成咖啡牛肉、土豆牛肉、牛肉面、牛肉粉条、牛肉杂蔬煲、肉夹馍……总之，炖好这一锅，可以变着花样来吃啦！', '普通', '数小时', '咸鲜', '炖', '炒锅', '<span>主料：</span><div><span>牛肉（2000克）</span></div>', '<span>辅料：</span>\r\n  <div>\r\n    <span>姜（1块）</span>\r\n<span>八角（两颗）</span>\r\n<span>白蔻（四颗）</span>\r\n<span>陈皮（两块）</span>\r\n<span>香叶（四片）</span>\r\n<span>花椒（一撮）</span>\r\n<span>盐（适量）</span>\r\n<span>红烧酱油（适量）</span>\r\n  </div>', NULL, '\r\n<p>牛肉切块入凉水锅中，可以将内部的血水逼出来； 如果焯水再另起一锅炖肉，味道上会打折扣；但如果很介意汤品的清澈程度，可以焯水再另起锅炖； 调料和香料可以根据口味进行增减、调整； 炖的时间还要根据肉的软烂程度及自己的口感来定，此处不做时间上的建议。</p>', 0),
(10, 5, 4, '牛油果烤鸡蛋', '20171226151426754776113.jpg', '刚刚过完圣诞节，马上就要进入新年倒计时了。前段时间看了《东方快车谋杀案》波罗一如既往的麻烦，对一颗水煮蛋的要求极高。或许我们成为不了一颗完美的蛋，但是依旧不妨碍我们成为一颗特别的蛋。牛油果的味道我向来是受不了的，无奈牛油果对身体健康又极有益处，毕竟已经不是少年时候，已经开始注意养生了，去掉牛油果核刚好放入蛋黄，仿佛成为一颗新蛋。撒上黑胡椒和盐，经过烤制一颗糖心“蛋”就完成了。希望你丢掉过去的烦恼，带着美好一如既往开始新的一年。', '简单', '半小时', '其他', '烤', '电烤箱', '<span>主料：</span><div><span>鸡蛋（2个）</span>\r\n    <span>牛油果（2个）</span>\r\n</div>', '<span>辅料：</span>\r\n  <div>\r\n    <span>盐（适量）</span>\r\n<span>黑胡椒粉（适量）</span>\r\n</div>', NULL, '<p>1、牛油果比较小，一般情况下是放不下一整颗蛋的，怕浪费的话，可以用勺子挖去一些果肉再放入鸡蛋\r\n2、这个烤制时间的蛋是流黄的，如果接受不了的话可以适当延长时间。\r\n3、每个烤箱的脾气有所不同，请根据自己烤箱的情况调整时间。</p>', 0),
(11, 4, 4, '菠菜鸡蛋饼', '20171209151279760619713.jpg', '没馒头，煎饼来凑。十分钟不到，一个好吃的煎饼即成。', '简单', '十分钟', '其他', '煎', '不粘锅', '<span>主料：</span><div>\r\n<span>面粉（2勺）</span>\r\n<span>菠菜（适量）</span>\r\n<span>鸡蛋（2个）</span>\r\n</div>', '<span>辅料：</span>\r\n  <div>\r\n    <span>盐（1勺）</span>\r\n<span>姜（适量）</span>\r\n<span>花椒粉（适量）</span>\r\n<span>花生油（适量）</span>\r\n  </div>', NULL, '', 0),
(12, 3, 4, '可乐鸡蛋', '20171207151265747057813.jpg', '鸡蛋是一种营养非常丰富、价格相对低廉的常用食品。它的食用对象相当广泛，从4～5个月的婴儿一直到老人，都适宜食用鸡蛋。它含丰富的优质蛋白，每百克鸡蛋含12.7克蛋白质，两只鸡蛋所含的蛋白质大致相当于3两鱼或瘦肉的蛋白质。鸡蛋蛋白质的消化率在牛奶、猪肉、牛肉和大米中也最高。\r\n有的孩子不喜欢吃水煮白鸡蛋，那就来试试：可乐卤蛋，相信小朋一定会喜欢。因为可乐有甜味，除了是饮料可以喝以外，还有做什么？其实用可乐入菜味道也很好，如大小孩子都爱吃的：可乐鸡翅，就是最好诠释。\r\n可乐含糖，所以在卤制可乐鸡蛋时，除了其它香料外，没放一粒糖，也没加水，全用可乐搞定。想要鸡蛋更入味，我有妙招：1、先将鸡蛋煮熟、再敲碎蛋壳、便于入味；2、卤制过程中待表面上色卤水不多时，先关火焖半个小时、再开火收汁，这样入味会更佳。\r\n卤好的鸡蛋：颜色漂亮、味道香浓、甜而不腻，比五香鸡蛋好吃多了；如果可以？我一次吃掉5~6个都是木问题的，当然那是不行的~~~', '普通', '三刻钟', '咸甜', '卤', '砂锅', '<span>主料：</span><div>\r\n<span>鸡蛋（10个）</span>\r\n</div>', '<span>辅料：</span>\r\n  <div>\r\n    <span>香叶（1片）</span>\r\n<span>八角（1个）</span>\r\n<span>桂皮（2小块）</span>\r\n<span>可乐（适量）</span>\r\n<span>红烧酱油（适量）</span>\r\n  </div>', NULL, '<p>可乐中有糖，卤时就无需就加糖也很甜\r\n2、酱油味咸，再经较长时间卤制，会全部释放出来，自然不用再加食盐</p>', 0),
(13, 2, 5, '花式烤肠', '20170605149665611885013.jpg', '纯肉儿童香肠有着原汁原味的美味和营养，香肠的吃法也是多种多样，我们爱吃烤香肠，加入甜玉米一起，用迷迭香和黑胡椒调味，味道超级的棒。', '普通', '十分钟', '咸鲜', '烤', '电烤箱', '<span>主料：</span><div>\r\n<span>香肠（6根）</span>\r\n<span>甜玉米（1根）</span>\r\n</div>', '<span>辅料：</span>\r\n  <div>\r\n    <span>黑胡椒（少许）</span>\r\n<span>迷迭香（少许）</span>\r\n  </div>', NULL, '<p>可烤箱的温度和时间要依照自家的烤箱而定，也可以直接用明火煎熟</p>', 0),
(14, 1, 5, '童趣小章鱼', '20171128151186297398813.jpg', '在小朋友的动画世界里，相信章鱼露面的次数也不少，例如海绵宝宝里面的章鱼哥，它是人性格中更加社会化更加现实的一部分，反射我们现实生活中的大部分人。人长大了童真也伴随着减少，在这压力膨胀的社会，不妨卸下重装，寻找属于自己的童真回忆，约起萌萌章鱼小香肠吧！', '简单', '半小时', '咸鲜', '炸', '电磁炉、煮锅', 'span>主料：</span><div>\r\n<span>小香肠（10根）</span>\r\n<span>低筋粉（适量）</span>\r\n<span>牛奶（适量）</span>\r\n</div>', '<span>辅料：</span>\r\n  <div>\r\n    <span>花生油（适量）</span>\r\n  </div>', NULL, '', 0),
(15, 1, 5, '香肠小面包', '20170313148937864539813.jpg', '一开年就不得了多的事，而且还有一种愈演愈烈的状态。我的面包计划，我的蛋糕计划，这工作一忙起来，真是连想的时间都要抽空了。工作再忙家里也要照顾好，面包有时真的可以成为忙碌时的调和剂，香肠小面包儿子超受，香肠一般我喜欢用自己灌的脆皮小香肠，现在家里没有就买了一些，一个香肠小面包一杯牛奶早上还是可以保证满满的营养的，简单营养又快捷。', '普通', '数小时', '咸甜', '烤', '电烤箱', '<span>主料：</span><div>\r\n<span>面粉（260克）</span>\r\n<span>酵母（3克）</span>\r\n<span>盐（4克）</span>\r\n    <span>细砂糖（35克）</span>\r\n    <span>奶粉（10克）</span>\r\n    <span>蛋液（40克）</span>\r\n<span>黄油（20克）</span>\r\n<span>水（145克）</span>\r\n  </div>', '<span>辅料：</span>\r\n  <div>\r\n    <span>香肠（4根）</span>\r\n<span>香葱（适量）</span>\r\n<span>沙拉酱（适量）</span>\r\n  </div>', NULL, '<p>1、我这里一共做了8个，分了两次烤的。\r\n2、这款面包烤的过程中会长高一点，香肠也会翘起来一点，不要离上火管太近。\r\n3、烤的温度可以根据自己的烤箱情况设置，差不多烤15分钟左右能上色就可以了。</p>', 0),
(16, 2, 6, '干炸里脊', '20170619149786600391110071065.jpg', '色泽金黄、外皮酥焦、里脊鲜嫩、制作简捷的干炸里脊，除了解解馋貌似还可以作为宴请朋友的小菜，虽比不了繁琐的大菜，但是那种信手拈来的闲情总让人愿意为之酌上一小杯。\r\n朋友打趣的说：干炸里脊是厨房小白的救星，好吃还倍儿面。一切、一拌、一炸就是一盘随手菜，简单也就没谁了。\r\n话不多说，重点是上菜！', '简单', '半小时', '其他', '炸', '炒锅', '<span>主料:</span>\r\n<div>\r\n<span>里脊(300g)</span>\r\n</div>', '<span>辅料:</span>\r\n<div>\r\n<span>红薯淀粉(适量)<span>\r\n<span>鸡蛋(1个)<span>\r\n<span>老姜(适量)<span>\r\n<span>黑胡椒(适量)<span>\r\n<span>葱(适量)<span>\r\n<span>盐(适量)<span>\r\n<span>料酒(适量)<span>\r\n</div>', NULL, '<p>1.菜菜屋比较喜欢黑胡椒的味道，所以放了黑胡椒，不喜欢的小伙伴可以再此忽略</p>\r\n<p>2.干炸里脊时需要炸两遍，第一遍炸至定型捞出，第二遍复炸是为了保证里脊外酥里嫩</p>\r\n<p>3.如果喜欢辣椒面的小伙伴还可以配上一碟干辣椒面，也是不错的选择</p>', 0),
(17, 3, 7, '糖醋五花肉', '2017100115068506340509179877.jpg', '中秋国庆双节，还没有备好拿手菜招待管人怎么办？好办啊：快跟着我来学做一道“糖醋五花肉”，简单易学、保证你招待亲朋好友，特有面子哈。提起糖醋菜：你一定先想到糖醋排骨、糖醋里脊、糖醋鱼等这些耳熟能详、响当当的经典菜肴；酸甜可口、开胃又下饭，人人都喜爱哈。做好糖醋菜，糖醋汁是关键；如何调制糖醋汁，其实很很简单：记住10个字：1酒、2酱、3糖、4醋、5水，保证小白也能成大厨，不信你试试~~~', '', '', '', '', '', '', '', NULL, '', 0),
(18, 4, 8, '红烧猪蹄', '2017011614845821300057024043.jpg', '', '', '', '', '', '', '', '', NULL, '', 0),
(19, 5, 9, '黑胡椒牛排', '2017021314869745074881966185.jpg', '', '', '', '', '', '', '', '', NULL, '', 0),
(20, 6, 10, '酸汤肥牛', '20170605149663058382413.jpg', '', '', '', '', '', '', '', '', NULL, '', 0),
(21, 7, 21, '虾球娃娃菜', '20180425152465111848613.jpg', '今天这道菜的前身是白菜炒大虾，我很喜欢吃的一道经典菜。这次我用虾仁来做，既有虾的味道，吃起来又方便。说到用虾仁做这道菜，我还是极力推荐一下自家手剥的虾仁。因为自家手剥的虾仁不经过浸泡，保存了虾的鲜味，而且即使去了壳还是能炒出虾油，做出来的菜颜色红亮。这次我把白菜换成了娃娃菜，口感比白菜鲜嫩了许多。', '简单', '半小时', '咸鲜', '炒', '炒锅', '<span>主料</span>\r\n<div>\r\n<span>虾（15只）</span>\r\n<span>娃娃菜（1颗）</span>\r\n</div>', '<span>辅料</span>\r\n<div>\r\n<span>葱（适量）</span>\r\n</div>', '<span>配料</span>\r\n<div>\r\n<span>盐（适量）</span>\r\n</div>', '', 0),
(22, 7, 21, '瑶柱扒娃娃菜', '20180426152473762695710104208.jpg', '白菜\r\n具有很高的营养价值，也是我们常吃的蔬菜之一，尤其是秋冬季节，是白菜的时令季，\r\n常食可提高机体免疫，起到预防感冒的作用。\r\n白菜中含有丰富的维生素C、维生素E，多吃白菜，在空气干燥的季节可以起到很好的护肤和养颜效果。', '简单', '十分钟', '咸鲜', '烧', '煮锅', '<span>主料</span>\r\n<div>\r\n<span>娃娃菜（2颗）</span>\r\n</div>', '<span>辅料</span>\r\n<div>\r\n<span>瑶柱（适量）</span>\r\n<span>牛奶（适量）</span>\r\n<span>胡萝卜（适量）</span>\r\n</div>', '<span>配料</span>\r\n<div>\r\n<span>葱（适量）</span>\r\n<span>娃娃菜（1颗）</span>\r\n</div>', '1. 瑶柱要洗净后提前泡水， 泡过瑶柱的水千万不要倒掉， 在没有高汤的情况下用它来打底熬汤会很鲜；\r\n2. 娃娃菜按习惯切开成小段， 放入加入盐和几滴油的开水中焯熟， 再整齐的摆放在盘中， 这样让娃娃菜先入点底味；\r\n3. 如果有高汤更好， 没有的话用泡过瑶柱的水煮上两分钟熬汤， 再加入盐等调味； 为了美观，一般都是熬白汁，所以要加入点牛奶一起煮； 再加入水淀粉勾芡； 最后将煮好的瑶柱及汁一起浇淋在娃娃菜上。', 0),
(23, 6, 21, '娃娃菜粉丝煲', '20170511149446484541213.jpg', '今天的的“娃娃菜粉丝煲”的主要食材是：五花肉、红薯粉丝、娃娃菜，食材简单，做法也不难， 是道温暖的家常味道的美味。虽然没有用到蟹黄、干贝那些较高档的食材，但依然鲜美无比。五花肉与粉丝的搭配，粉丝爽口筋道，，汤汁格外香醇，品尝起来更加的鲜美， 还夹杂着娃娃菜的清甜爽口，让这道菜在品尝的过程中也更加的层次分明。一个热气腾腾砂煲端上桌，亦饭亦菜，既温暖又美味。心动不如行动，快快做起来吧。', '普通', '十分钟', '咸鲜', '炖', '砂锅', '<span>主料</span>\r\n<div>\r\n<span>五花肉（50g）</span>\r\n<span>娃娃菜（1颗）</span>\r\n<span>红薯粉丝（1把）</span>\r\n</div>', '<span>辅料</span>\r\n<div>\r\n<span>红辣椒（1个）</span>\r\n<span>小葱（1根）</span>\r\n<span>葱姜蒜（3瓣）</span>\r\n</div>', '<span>配料</span>\r\n<div>\r\n<span>料酒（1勺）</span>\r\n<span>酱油（1勺）</span>\r\n<span>油（适量）</span>\r\n<span>盐（适量）</span>\r\n</div>', '1. 红薯粉丝要提前泡软备用； 2. 五花肉一定要将油脂煸炒出来，这样炒的菜更好吃， 而五花肉吃起来也不腻； 3. 粉丝特别吸水，因此再炒制过程中加入点高汤；（如果没有， 就直接加入水；） 4.注意掌握火候，不要炒的时间过长，让粉丝煮糊或者碎了。', 0),
(24, 5, 22, '玫瑰山药泥', '20170601149630603898513.jpg', '玫瑰花味甘微苦、性温，最明显的功效就是理气解郁、活血散淤和调经止痛。此外，玫瑰花的药性非常温和，能够温养人的心肝血脉，舒发体内郁气，起到镇静、安抚、抗抑郁的功效。\r\n玫瑰花即可入药又可入菜，这款玫瑰山药泥，将玫瑰花融入到山药中，不仅增加了营养和颜值，还提升了整个菜肴的味道。山药泥入口绵糯、香甜，非常不错。', '简单', '二十分钟', '甜味', '蒸', '电饭煲', '<span>主料</span>\r\n<div>\r\n<span>山药（250g）</span>\r\n<span>玫瑰花茶（1颗）</span>\r\n</div>', '<span>辅料</span>\r\n<div>\r\n<span>炼乳（40g）</span>\r\n</div>', '', '没有炼乳，可以换成白糖，甜度可根据自己口味来放', 0),
(25, 4, 22, '当归山药羊肉汤', 'c640_201512291451354310119.jpg', '羊肉能御风寒，补身体，最适合冬季食用，再配上一段健脾益胃的山药，小火慢煲，绝对是冬令进补的佳品。需要注意的是，处理山药时，山药分泌的黏性物质容易令手发痒，对这种物质敏感的小伙伴记得戴好手套哦。', '简单', '数小时', '咸鲜', '煲', '瓦煲', '<span>主料</span>\r\n<div>\r\n<span>羊肉（500g）</span>\r\n<span>山药（半根）</span>\r\n<span>红枣（六个）</span>\r\n<span>当归（2g）</span>\r\n</div>', '<span>辅料</span>\r\n<div>\r\n<span>姜（适量）</span>\r\n<span>葱（1根）</span>\r\n<span>料酒（一勺）</span>\r\n<span>盐（适量）</span>\r\n</div>', '', '', 0),
(26, 3, 22, '山药虾米粥', 'c640_20160303145700860241813.jpg', '这款粥非常适合小朋友食用，易消化，口感好', '普通', '一小时', '咸鲜', '煮', '电饭煲', '<span>主料</span>\r\n<div>\r\n<span>香米（2量杯）</span>\r\n<span>虾米（20g）</span>\r\n<span>枸杞（10g）</span>\r\n<span>山药（120g）</span>\r\n</div>', '<span>辅料</span>\r\n<div>\r\n<span>瑶柱（适量）</span>\r\n<span>清水（适量）</span>\r\n<span>盐（适量）</span>\r\n</div>', '', '', 0),
(27, 2, 22, '拌山药丝', '20170401149103642380013.jpg', '我们通常食用山药的方法大多是将它蒸熟，或炖汤，或炒食。但生食，不知有几人试过？第一次生食山药是在一家素食馆，盘下面有碎冰，冰上面有绿叶将山药丝托住，淋上料汁，一人只有一小口，入口那爽脆的感觉，清新回甘，脆生生的，还略有山药的丝丝粘液，感觉非常奇妙。', '简单', '十分钟', '酸辣', '拌', '盆', '<span>主料</span>\r\n<div>\r\n<span>山药（200g）</span>\r\n<span>红酒醋（20g）</span>\r\n<span>生菜（适量）</span>\r\n<span>酱油（适量）</span>\r\n<span>糖（适量）</span>\r\n</div>', '<span>辅料</span>\r\n<div>\r\n<span>小米辣（适量）</span>\r\n</div>', '', '醋，辣椒油可取平时所用的替代，但用量请根据自已口味调整。', 0),
(28, 1, 23, '番茄土豆炖牛腩', '20170210148669414378013.jpg', '强悍的牛肉与柔美的番茄在一起总会衍生出一种神奇的力量 ，那是一种让人无法阻挡的魅力。味美汤浓的番茄土豆炖牛腩，牛肉充分吸收了番茄的酸甜滋味，搭配出酸爽而不油腻的口感，不仅色香味俱全，还营养丰富哦~', '普通', '数小时', '咸鲜', '炖', '砂锅、煮锅', '<span>主料</span>\r\n<div>\r\n<span>西红柿（2个）</span>\r\n<span>洋葱（半只）</span>\r\n<span>香葱（适量）</span>\r\n<span>盐（5g）</span>\r\n<span>生抽（15ml）</span>\r\n<span>老姜片（片）</span>\r\n</div>', '<span>辅料</span>\r\n<div>\r\n<span>土豆（1个）</span>\r\n<span>牛腩肉（500g）</span>\r\n<span>冰糖（10g）</span>\r\n<span>白胡椒粉（3g）</span>\r\n<span>油（15ml）</span>\r\n</div>', '', '1.用冷水锅先煮一遍牛肉的作用是去除血水和杂质，因为水温和牛肉的温度是一起由凉到热的，所以牛肉不会因为温度的忽然变化而变紧，影响口感。接下来用热的流动水再次冲洗牛肉，也同理。\r\n2.调入冰糖是为了中和西红柿的酸，也可以提鲜。\r\n3.这道菜也可以用高压锅来烹制，更节省时间：先煮牛腩肉汤，出蒸气后，用中火压20分钟，自然降温至可以打开高压锅盖，加入切好的西红柿、土豆和洋葱，出蒸气后，再用中火压10分钟就可以了。\r\n4.炖煮2个小时是为了让番茄更入味，时间长短可视自己口味做出调整。', 0),
(29, 1, 23, '西红柿炒鸡蛋', '20171017150821820729513.jpg', '西红柿是常见的浆果，既能生吃又能熟食。生吃可以摄取丰富的维生素C和B族维生素、胡萝卜素，女性常食有美白减脂的效果；而熟食西红柿对于男性预防前列腺疾病有很大的好处。\r\n西红柿炒鸡蛋，多么经典的一道菜啊！千人千法，千人千味！到底是叫西红柿炒鸡蛋，还是鸡蛋炒西红柿，倒不必过去纠结，总之这两种配在一起，真有中国的味道和色彩！', '简单', '十分钟', '酸咸', '炒', '炒锅', '<span>主料</span>\r\n<div>\r\n<span>西红柿（2个）</span>\r\n<span>鸡蛋（3个）</span>\r\n</div>', '<span>辅料</span>\r\n<div>\r\n<span>油（适量）</span>\r\n<span>盐（适量）</span>\r\n<span>白糖（1勺）</span>\r\n</div>', '', '生抽或者酱油随口味添加；\r\n没用葱花和蒜末等来炝锅，可以保持鸡蛋西红柿的原汁原味；\r\n喜欢汤多的就选用比较成熟并且汤水比较多的西红柿，想吃成块汤少的，就选择汁水少的西红柿。', 0),
(30, 3, 23, '番茄乌冬面', '20170419149258507865913.jpg', '今早的番茄乌冬面，做法很简单，西红柿用了两个，所以汤汁很浓郁，酸甜可口。放一点西兰花和玉米粒装饰，颜色丰富，自然胃口大开。', '普通', '半小时', '酸甜', '煮', '煮锅', '<span>主料</span>\r\n<div>\r\n<span>西红柿（2个）</span>\r\n<span>乌冬面（200g）</span>\r\n</div>', '<span>辅料</span>\r\n<div>\r\n<span>鸡蛋（1个）</span>\r\n<span>西兰花（40g）</span>\r\n<span>玉米（40g）</span>\r\n<span>盐（适量）</span>\r\n<span>鸡精（1g）</span>\r\n<span>油（适量）</span>\r\n<span>糖（适量）</span>\r\n</div>', '', '西红柿打个十字刀，用热水烫过后更好剥皮\r\n加糖量多少可根据西红柿的酸甜来决定，西红柿特别甜可以不用加糖', 0),
(31, 1, 11, '年年有鱼', '20171016150813389698313.jpg', '鱼，余也，中国人讲究彩头，年夜饭餐桌上，鱼是绝对不可缺少的一道大菜，年夜菜的鱼，和平时的鱼还不一样哦，一定得有头，有尾巴，寓意日子过得有头有尾，红红火火。\r\n因此，这鱼不用太大，两三斤最好。一来，太大的鱼不容易熟，太小的鱼呢，不够气场，震不住台面，二来，两三斤的鱼摆盘也更漂亮不是么。\r\n很多人都说做鱼不完整，不漂亮，我这里有一个做鱼的好方法呢，用这个方法做鱼，操作简单，方便又快捷，新手都可以轻轻松松做出漂亮美味的鱼，如果你也有这个烦恼，那就一定不要错过哦。', '神级', '十分', '微辣', '蒸', '微波炉', '<span>主料：</span>\r\n<div>\r\n<span>草鱼</span>\r\n</div>', '<span>辅料：</span>\r\n<div>\r\n<span>油(适量)</span>\r\n<span>盐(适量)</span>\r\n<span>葱花(适量)</span>\r\n<span>姜丝(适量)</span>\r\n<span>剁辣椒(适量)</span>\r\n<span>生抽(一勺)</span>\r\n<span>青辣椒(几个)</span>\r\n</div>', '', '<p>1、鱼不要太大哦，太大了就要稍微增加蒸制的时间。</p>\r\n<p>2、姜片摆在鱼上面可以去腥，加上点葱段更好。</p>\r\n<p>3、调料可以根据自己的口味随意添加调换，但是生抽最好要保留，加了生抽更香哦。</p>', 0),
(32, 2, 11, '花开富贵牡丹鱼片', 'c640_201502111423621021488.jpg', '牡丹花开之时繁花似锦、绚丽灿烂，其美丽花姿让人为之倾倒，雍容典雅、富贵祥和的形象代表全国人民对明天的美丽憧憬和美好愿景，寓意国家繁荣昌盛、兴旺发达', '普通', '一小时', '咸鲜', '炸', '炒锅', '<span>主料:</span>\r\n<div>\r\n<span>草鱼</span>\r\n</div>', '<span>辅料:</span>\r\n<div>\r\n<span>盐(1茶匙)</span>\r\n<span>料酒(1.5茶匙)</span>\r\n<span>鸡精(2茶匙)</span>\r\n<span>胡椒(1茶匙)</span>\r\n<span>淀粉(200克)</span>\r\n<span>蚝油(1茶匙)</span>\r\n<span>白糖(1茶匙)</span>\r\n<span>油(500克)</span>\r\n</div>', '', '<p>牡丹花开之时繁花似锦、绚丽灿烂，其美丽花姿让人为之倾倒，雍容典雅、富贵祥和的形象代表全国人民对明天的美丽憧憬和美好愿景，寓意国家繁荣昌盛、兴旺发达</p>', 0),
(33, 3, 11, '滑鱼块', '20170926150640383219313.jpg', '滑鱼块的烹饪方法简单，近乎于水煮盐拌， 没啥技术含量。草鱼肉切块后，加少许盐、淀粉等拌匀后腌制； 再将葱姜蒜爆香锅，下入鱼块，翻炒数下，加生抽、醋、盐各少许，倒入一碗水，待锅里的鱼汤微白时，加入少许盐、胡椒粉调味，最后倒入水淀粉即可起锅。 这滑鱼块即可是菜，也可是汤，但鱼肉鲜嫩，菜品原汁、味浓、纯正、微辣、咸鲜，虽然看相不算太佳，但汤浓鱼鲜，非常爽滑的好吃。', '普通', '廿分钟', '咸鲜', '其他', '炒锅', '<span>主料:</span>\r\n<div>\r\n<span>草鱼</span>\r\n</div>', '<span>辅料:</span>\r\n<div>\r\n<span>姜片(6片)</span>\r\n<span>花椒(1勺)</span>\r\n<span>红椒(2个)</span>\r\n<span>料酒(2勺)</span>\r\n<span>醋(1勺)</span>\r\n<span>生抽(1勺)</span>\r\n<span>油(适量)</span>\r\n<span>盐(适量)</span>\r\n</div>', '', '<p>1. 鱼块加入点盐、料酒等腌制一下；</p> \r\n<p>2. 胡椒和辣椒煸香后将其盛出来， 避免影响菜品的口感；</p> \r\n<p>3. 鱼块只需微微煎至定型后就可以加入料酒等调味料，少许水炖煮；</p> \r\n<p>4. 这菜亦菜亦汤，喜欢汤汁多可以多加点， 一定要适量加入水淀粉，这也是保证滑鱼块的成功。</p>', 0),
(34, 4, 12, '糖醋鱼', 'c640_201503141426310835542.jpg', '', '普通', '半小时', '酸甜', '炸', '炒锅', '<span>主料:<span>\r\n<div>\r\n<span>鲤鱼(1条)<span>\r\n</div>', '<span>辅料:</span>\r\n<div>)\r\n<span>料酒(5勺)</span>\r\n<span>盐(4勺)</span>\r\n<span>醋(2勺)</span>\r\n<span>糖(3勺)</span>\r\n<span>蒜(1个)</span>\r\n<span>胡椒粉(1勺)</span>\r\n<span>面粉(2汤匙)</span>\r\n<span>淀粉(5汤匙)</span>\r\n<span>番茄酱(3勺)</span>\r\n<span>水(适量)</span>\r\n</div>', '', '', 0),
(35, 5, 12, '家常炖鲤鱼', 'c640_20160607146527836518113.jpg', '鲤鱼是我们常吃的淡水鱼，肉肥厚而且细嫩，刺也不算多。因为是淡水养殖，所以在市场上总能买到新鲜的活鲤鱼。鲤鱼因为是在鱼塘里养殖的，所以老有股土腥味儿，所以我一般都是将鲤鱼蘸点儿鸡蛋液煎一煎，这样就能去除掉土腥气了。', '普通', '三刻钟', '咸鲜', '炖', '不粘锅、炒锅', '<span>主料:</span>\r\n<div>\r\n<span>鲤鱼(一条)</span>\r\n<span>鸡蛋(两个)</span>\r\n</div>', '<span>辅料:</span>\r\n<div>\r\n<span>料酒(适量)</span>\r\n<span>红烧酱油(适量)</span>\r\n<span>盐(适量)</span>\r\n<span>八角(两颗)</span>\r\n<span>鲜姜(一块)</span>\r\n<span>花椒(一撮)</span>\r\n<span>植物油(适量)</span>\r\n</div>', '', '<p>鱼块提前腌一下，便于入味儿； 蘸鸡蛋液煎，可以去除掉土腥味； 热水慢炖，炖到汤汁收得差不多时，且口感达到自己满意时便可出锅。</p>', 0),
(36, 6, 12, '干炸豆豉鱼', 'c640_201509221442936849964.jpg', '又逢一年中秋节，最令人期待的就是一家人围在桌边的那顿团圆饭。在阖家团圆的餐桌上，不能少的食物，肉，鱼，都是必备菜。这次做的这道干炸豆豉鱼，不同于其他鱼的做法，这道鱼是经过高温油炸后，酥脆的外皮包裹了软嫩的鱼肉，双重口感。最后加了豆豉酱翻炒，口感进一步提升，有了不一样的味觉体验。这道鱼高温炸过后，连鱼刺和鱼骨都变得酥脆，可以吃鱼不吐刺，一定是家宴上不可缺少的一道下酒菜。', '普通', '三刻钟', '微辣', '炸', '其它、炒锅', '<span>主料:</span>\r\n<div>\r\n<span>鲤鱼(1条)</span>\r\n</div>', '<span>辅料:</span>\r\n<div>\r\n<span>豆豉酱(2茶匙)<span>\r\n<span>姜(5片)<span>\r\n<span>料酒(3茶匙)<span>\r\n<span>盐(1/2茶匙)<span>\r\n<span>白胡椒粉(1/2茶匙)<span>\r\n<span>黑胡椒粉(1/4茶匙)<span>\r\n</div>', '', '<p>1、做这道菜，我用的豆豉酱是老干妈的，盐分不高，所以另外又加了少许盐，如果豆豉酱咸度够的话，盐不加也可以；</p>\r\n<p>2、炸鱼块儿的时候，用口径小的锅炸，比如小奶锅之类的，可以节省很多油；</p>\r\n<p>3、腌好的鱼，表面含有料酒，为了避免入锅后油到处飞溅，可以将腌好的鱼，先用厨房纸巾将表面的水吸干，再放入油锅中；</p>\r\n<p>4、炸两遍，第一遍是用中火将鱼炸熟，第二遍用大火，重复入锅，表面炸脆;</p>\r\n<p>5、这道鱼高温炸过后，连鱼刺和鱼骨都变得酥脆，可以吃鱼不吐刺。</p>', 0),
(37, 7, 13, '鱼羊鲜', '20180113151580805472613.jpg', '隆冬至，来尝“鲜”！\r\n中国的美食界素以“鲜”字为大，其中尤以食物的本味烹调出鲜味为最高境界。而将“鲜”字拆开，鱼+羊的组合则被誉为“天下第一鲜”。相传，孔子周游列国初期，四处碰壁、举步维艰，连饭都吃不上。弟子四处乞讨，偶得一些鱼、羊肉，由于条件所迫，只能将鱼、羊肉一起乱炖，意外发现味道鲜美无比！自此便流传开来，“鲜”字也由此诞生。\r\n而这道被孔子点赞过的名菜，不止肴鲜味美，更富含丰富营养。羊肉含有丰富的蛋白质、碳水化合物、维生素B1、B2、钙、磷、铁等，而鱼肉的不饱和脂肪酸，对防治动脉硬化、冠心病有非常好的功效。\r\n隆冬时节，尝一嘴鲜到眉毛掉下来的天鲜配吧！', '简单', '十分钟', '其他', '蒸', '微波炉', '<span>主料:</span>\r\n<div>\r\n<span>羊肉(300g)</span>\r\n<span>鲫鱼(1条)</span>\r\n</div>', '<span>辅料:</span>\r\n<div>\r\n<span>葱(适量)</span>\r\n<span>白萝卜(1根)</span>\r\n<span>盐(5g)</span>\r\n<span>料酒(30ml)</span>\r\n<span>色拉油(25ml)</span>\r\n<span>香菜(适量)</span>\r\n<span>姜(适量)</span>\r\n</div>', '', '', 0),
(38, 6, 13, '豆瓣鲫鱼', 'c640_20160603146493450415613.jpg', '朋友来家中做客，亲手做了这道家常菜，真的觉得非常不错。所以我也试着做了一遍，分享给大家！', '简单', '廿分钟', '微辣', '烧', '炒锅', '<span>主料:</span>\r\n<div>\r\n<span>鲫鱼(2条)</span>\r\n<span>生姜(1小块)</span>\r\n<span>大蒜(3瓣)</span>\r\n<span>花椒(1小搓)</span>\r\n<span>干辣椒(3根)</span>\r\n<span>小葱(2根)</span>\r\n</div>', '<span>辅料:</span>\r\n<div>\r\n<span>郫县豆瓣酱(1大匙)</span>\r\n<span>料酒(1汤匙)</span>\r\n<span>醋(1汤匙)</span>\r\n<span>盐(1茶匙)</span>\r\n<span>糖(2茶匙)</span>\r\n<span>白胡椒粉(1茶匙)</span>\r\n<span>芡汁(适量)</span>\r\n<span>油(适量)</span>\r\n</div>', '', '<p>1、煎鱼的油温要略高，才能鱼皮完整且色泽金黄；</p>\r\n<p>2、想要提鲜的朋友可以把清水换成高汤。</p>', 0),
(39, 5, 13, '干锅鲫鱼', 'c640_20160203145448324245013.jpg', '鲫鱼的小刺比较多，吃的时候稍不注意就会卡喉，比较麻烦。这道干锅鲫鱼相对来说就好多了，因为鲫鱼已经被炸得酥酥脆脆，几乎连刺都可以一起吃，而且还特别香。', '普通', '半小时', '麻辣', '炸', '不粘锅、平底锅、炒锅', '<span>主料:</span>\r\n<div>\r\n<span>鲫鱼(3条)</span>\r\n</div>', '<span>辅料:</span>\r\n<div>\r\n<span>油（适量)</span>\r\n<span>盐（1g)</span>\r\n<span>葱花（5g)</span>\r\n<span>姜末（5g)</span>\r\n<span>大蒜（1瓣)</span>\r\n<span>小红椒（2根)</span>\r\n<span>杭椒（1根)</span>\r\n<span>豆豉辣酱（20g)</span>\r\n<span>鲜酱油（5g)</span>\r\n<span>料酒（5g)</span>\r\n<span>糖（1g)</span>\r\n<span>花椒（1g)</span>\r\n</div>', '', '<p>1、鲫鱼最好选用小点的，这样容易炸透</p>\r\n<p>2、清洗鲫鱼时，要把鱼腹里的黑膜去除干净</p>\r\n<p>3、辣椒根据自己口味来放，喜欢的可以多放点，怕辣的可少放点</p>', 0),
(40, 3, 14, '牙签带鱼', '20171017150820533087813.jpg', '“牙签肉”相信许多人都吃过，而“牙签带鱼”可能就很少见吧，我也是第一次做，不过制作方法都差不多。\r\n带鱼经过剔骨之后食用起来非常方便，吃到嘴里的全是肉，不用担心会被刺卡，因为根本就吃不出来。而炸制过的鱼骨酥脆鲜香，特别好吃。', '简单', '半小时', '中辣', '炸', '不粘锅、平底锅', '<span>主料:</span>\r\n<div>\r\n<span>带鱼(1条)</span>\r\n</div>', '<span>主料:</span>\r\n<div>\r\n<span>油(适量)</span>\r\n<span>肉馅调味汁(10g)</span>\r\n<span>料酒(3g)</span>\r\n<span>白胡椒粉(1g)</span>\r\n<span>孜然粉(2g)</span>\r\n<span>辣椒面(3g)</span>\r\n</div>', '', '<p>1、炸带鱼时一定要注意安全</p>\r\n<p>2、鱼骨尽量别扔，炸了之后非常酥脆，好吃又补钙</p>\r\n<p>3、炸好的带鱼最好趁热吃，凉了以后会变软，口感不佳</p>', 0),
(41, 1, 15, '麻辣小龙虾', '20170428149334417952713.jpg', '准备进入5月，5月底6月的时候是小龙虾上市的季节，此时的小龙虾最为肥美，也是一年种价格最低的时候，出去宵夜满大街都是小龙虾，可是外面盛传的小龙虾都是洗虾粉洗干净的，洗虾粉对人体有害处，过度食用会引起呕吐，急性肠胃炎。小龙虾体内的蛋白质含量很高，且肉质松软，易消化，对身体虚弱以及病后需要调养的人是极好的食物；虾肉内还富含镁、锌、碘、硒等，镁对心脏活动具有重要的调节作用，能保护心血管系统，它可减少血液中胆固醇含量，防止动脉硬化，同时还能扩张冠状动脉，有利于预防高血压及心肌梗塞。小龙虾含有虾青素，虾青素是一种很强的抗氧化剂，日本大阪大学的科学家发现，虾青素有助消除因时差反应而产生的“时差症”。另外，小龙虾还可入药，能化痰止咳，促进手术后的伤口生肌愈合。小龙虾有这么多的好处，何不在家自己做，自己做干净又卫生，爱吃多少吃多少，做法也不难。', '普通', '半小时', '麻辣', '焖', '炒锅', '<span>主料</span>\r\n<div>\r\n<span>小龙虾（1000g）</span>\r\n<span>土豆（2个）</span>\r\n<span>料酒（20g）</span>\r\n<span>豆瓣酱（50g）</span>\r\n</div>', '<span>辅料</span>\r\n<div>\r\n<span>花椒（3g）</span>\r\n<span>麻椒（3g）</span>\r\n<span>八角（2个）</span>\r\n<span>陈皮（2片）</span>\r\n<span>香叶（3片）</span>\r\n<span>酱油（15ml）</span>\r\n<span>耗油（15ml）</span>\r\n<span>大蒜（10g）</span>\r\n<span>姜片（4片）</span>\r\n<span>干辣椒（适量）</span>\r\n</div>', '', '', 0),
(42, 2, 16, '蒜烧黄花鱼', '20150628ce12a60b5b127669.jpg', '', '', '', '', '', '', '', '', NULL, '', 0),
(43, 7, 17, '清蒸鳕鱼', '20171106150993307768613.jpg', '', '', '', '', '', '', '', '', NULL, '', 0),
(44, 5, 18, '三文鱼米饭三明治', '20171009150751957464313.jpg', '', '', '', '', '', '', '', '', NULL, '', 0),
(45, 4, 19, '茶香熏鲳鱼', '20170519149517424294613.jpg', '', '', '', '', '', '', '', '', NULL, '', 0),
(46, 3, 20, '韩式烤鳗鱼', '20160612wx9yb3q8b6vhi43y.jpg', '', '', '', '', '', '', '', '', NULL, '', 0),
(47, 6, 24, '醋溜白菜', 'c640_201502061423205571407.jpg', '', '', '', '', '', '', '', '', NULL, '', 0),
(48, 5, 25, '香菇油菜', '20171017150820323040313.jpg', '', '', '', '', '', '', '', '', NULL, '', 0),
(49, 2, 26, '韭菜盒子', '2017010814838346182908446263.jpg', '', '', '', '', '', '', '', '', NULL, '', 0),
(50, 1, 27, '白菜肉渣炖粉条', '20180424152456153919413.jpg', '', '', '', '', '', '', '', '', NULL, '', 0),
(51, 7, 28, '芦蒿炒腊肉', '20171017150821096297313.jpg', '', '', '', '', '', '', '', '', NULL, '', 0),
(52, 6, 29, '白灼莴笋', '20170801150159185017413.jpg', '', '', '', '', '', '', '', '', NULL, '', 0),
(53, 5, 30, '腰果百合炒芹菜', '20180425152463948780113.jpg', '', '', '', '', '', '', '', '', NULL, '', 0);

-- --------------------------------------------------------

--
-- 表的结构 `mstx_shar`
--

CREATE TABLE `mstx_shar` (
  `id` int(11) NOT NULL,
  `uid` int(11) DEFAULT NULL,
  `shar_time` datetime DEFAULT NULL,
  `shar_title` varchar(255) CHARACTER SET utf8 DEFAULT NULL,
  `shar_img` varchar(255) CHARACTER SET utf8 DEFAULT NULL,
  `big_img` varchar(255) CHARACTER SET utf8 DEFAULT NULL
) ENGINE=InnoDB DEFAULT CHARSET=latin1;

--
-- 转存表中的数据 `mstx_shar`
--

INSERT INTO `mstx_shar` (`id`, `uid`, `shar_time`, `shar_title`, `shar_img`, `big_img`) VALUES
(1, 1, '2022-06-15 18:09:11', '今天推荐一道网红菜：蛤蜊酿虾滑~！隔着屏幕口水都留下来了', '20220614165517602140479712518369.jpg', '20220614165517602140479712518369(1).jpg'),
(2, 2, '2022-06-16 18:09:11', '高粱米饭', '2022061216550274646685221856946.jpg,2022061216550274654327971856946.jpg', '2022061216550274646685221856946 (1).jpg,2022061216550274654327971856946 (1).jpg'),
(3, 2, '2022-05-15 18:09:11', '青椒蘸酱', '2022061116549251797279511856946.jpg', '2022061116549251797279511856946 (1).jpg'),
(4, 3, '2022-04-15 18:09:11', '西兰花蘸酱', '2022061116549518202185391856946.jpg', '2022061116549518202185391856946 (1).jpg'),
(5, 4, '2022-06-03 18:09:11', '大黄米饭', '2022061116549517455732041856946.jpg,2022061116549517464929441856946.jpg,2022061116549517472264151856946.jpg', '2022061116549517455732041856946 (1).jpg,2022061116549517464929441856946 (1).jpg,2022061116549517472264151856946 (1).jpg'),
(6, 5, '2022-06-12 18:09:11', '燕麦糯米粥', '2022061016548757386827491856946.jpg', '2022061016548757386827491856946 (1).jpg'),
(7, 5, '2022-06-05 18:09:11', '黄焖鸡这样做超好吃！', '20220605165441422073646912518369.jpg,20220605165441422222693712518369.jpg', '20220605165441422073646912518369 (1).jpg,20220605165441422222693712518369 (1).jpg'),
(8, 6, '2022-04-15 18:09:11', '端午粽子', '2022060316542558787149931856946.jpg,2022060316542558805264521856946.jpg,202206031654255879879281856946.jpg', '2022060316542558787149931856946 (1).jpg,2022060316542558805264521856946 (1).jpg,202206031654255879879281856946 (1).jpg,'),
(9, 7, '2022-04-15 18:09:11', '忆童年', '2022060116540989173898531856946.jpg', '2022060116540989173898531856946 (1).jpg'),
(10, 5, '2022-06-05 18:09:11', '美食新发现', '2022052916537946576576041856946.jpg', '2022052916537946576576041856946 (1).jpg');

-- --------------------------------------------------------

--
-- 表的结构 `mstx_step`
--

CREATE TABLE `mstx_step` (
  `sid` int(11) NOT NULL,
  `mid` int(11) NOT NULL,
  `simg` varchar(255) NOT NULL,
  `explain` varchar(255) NOT NULL,
  `sort` int(11) NOT NULL
) ENGINE=InnoDB DEFAULT CHARSET=utf8;

--
-- 转存表中的数据 `mstx_step`
--

INSERT INTO `mstx_step` (`sid`, `mid`, `simg`, `explain`, `sort`) VALUES
(1, 1, '201308072133141375923838.jpg', '鸡肉洗净带骨剁成小块，充分洗去血水，洋葱去皮切小块，姜切片，红辣椒切成斜段，大蒜去外皮备用，新鲜九层塔洗净', 1),
(2, 1, '201308072133331376037277.jpg', ' 2烧热油锅，倒入2/3杯麻油 植物油，大蒜，姜片，辣椒粒一起爆香', 2),
(3, 1, '201308072133471376286658.jpg', '倒入洋葱片炒出香味', 3),
(4, 1, '201308072134051375928002.jpg', '鸡块倒入锅中翻炒，至鸡肉表面微微上色，撒入少许精盐', 4),
(5, 1, '201308072134261376091776.jpg', '加入1杯生抽 老抽，炒匀上色', 5),
(6, 1, '201308072134381376071742.jpg', '再加1杯米酒', 6),
(7, 1, '201308072134521376803651.jpg', '调入其余1/3杯麻油 植物油，炒匀后加入冰糖融化', 7),
(8, 1, '201308072135071376494177.jpg', '煸炒至鸡肉完全上色入味时倒入新鲜九层塔', 8),
(9, 1, '201308072135311376115691.jpg', '转小火至汤汁浓稠，翻炒使汤汁包裹在鸡肉上,盛出装盘即可食用', 9),
(10, 21, '201310202111491383140002.jpg', '将虾洗净去皮去虾线。', 1),
(11, 21, '201310202112091382997502.jpg', '将葱剁成葱末，娃娃菜切块，也可以用手撕。', 2),
(12, 21, '201310202112311382403172.jpg', '锅内烧热油，倒入葱末煸香。', 3),
(13, 21, '201310202112481382304801.jpg', '倒入虾仁翻炒。', 4),
(14, 21, '201310202116051382997570.jpg', '将炒至八分熟的虾球捞出。', 5),
(15, 21, '201310202116031383056694.jpg', '将切好的娃娃菜梗倒入锅中翻炒。', 6),
(16, 21, '201310202113401382577481.jpg', '待菜梗炒至将熟时放入菜叶翻炒。', 7),
(17, 21, '201310202114071382469982.jpg', '菜炒熟后放入虾球，加适量盐调味，出锅。', 8),
(18, 22, '201309181456571380003134.jpg', '准备好原材料；', 1),
(19, 22, '201309181456571380438661.jpg', '洗干净瑶柱后泡上十分钟；', 2),
(20, 22, '201309181457001379796230.jpg', '烧热开水，加入适量的盐和几滴油，下入切开的娃娃菜放入锅中焯水；', 3),
(21, 22, '201309181457571380032663.jpg', '将焯好水的娃娃菜整齐的摆放在盘中；', 4),
(22, 22, '201309181457581380088641.jpg', '再将泡过的瑶柱连同水一起倒入锅中， 加入适量的盐、鸡精、糖和橄榄油调味后煮上两分钟；', 5),
(23, 22, '201309181458011379588743.jpg', '再倒入牛奶一起煮；', 6),
(24, 22, '201309181458181380021954.jpg', '再加入适量的水淀粉，不停地搅拌；', 7),
(25, 22, '201309181458221379682520.jpg', '当芡汁收到浓稠时， 将它淋浇在摆放好的娃娃菜上；', 8),
(26, 22, '201309181458221380419369.jpg', '端上桌子。', 9),
(30, 23, '2017050714941419863061478694.jpg', '准备好原材料， 红薯粉丝提前泡软；', 1),
(31, 23, '2017050714941419870351478694.jpg', '热锅凉油， 将五花肉片放入里面煸炒；', 2),
(32, 23, '2017050714941419877241478694.jpg', '将五花肉油脂微微煸炒出来， 五花肉表面微微发焦时加入葱姜蒜进去翻炒；', 3),
(33, 23, '2017050714941419887401478694.jpg', '大料爆香后加入适量的料酒烹一下，收干后加入酱油翻炒；', 4),
(34, 23, '2017050714941419908571478694.jpg', '翻炒上色后加入泡好的粉丝进去翻炒；', 5),
(35, 23, '2017050714941419932701478694.jpg', '再倒入适量的高汤进去烧煮；', 6),
(36, 23, '2017050714941419950351478694.jpg', '放入娃娃菜进去翻炒；', 7),
(37, 23, '2017050714941419971711478694.jpg', '8娃娃菜微微发软后加入适量的盐等调味；', 8),
(38, 23, '2017050714941419995771478694.jpg', '最后出锅前加入红辣椒翻炒均匀即可盛入煲中， 表面撒上小葱末。', 9),
(39, 23, '2017050714941425582661478694.jpg', '端上桌了。', 10),
(40, 24, '2017053014961485136397722013.jpg', '备好所需食材', 1),
(41, 24, '2017053014961485376007722013.jpg', '将山药去皮切片，放入电饭煲中蒸制', 2),
(42, 24, '2017053014961485407527722013.jpg', '在蒸山药期间，可以把玫瑰花茶掰成碎片备用', 3),
(43, 24, '2017053014961485508437722013.jpg', '山药蒸到能用筷子轻松扎透', 4),
(44, 24, '2017053014961485611747722013.jpg', '用勺子把山药碾压成泥状，再倒入玫瑰花碎', 5),
(45, 24, '2017053014961485658887722013.jpg', '放入炼乳搅拌均匀', 6),
(46, 24, '2017053014961485696907722013.jpg', '将拌匀的山药泥装进裱花袋中', 7),
(47, 24, '2017053014961486005857722013.jpg', '挤出自己喜欢的形状即可', 8),
(48, 25, 'p800_20151227b1e25lup3gt87gfj.jpg', '将羊肉切块。', 1),
(49, 25, 'p800_20151227b2f7sc5wtv5888db.jpg', '姜切片。', 2),
(50, 25, 'p800_201512279dj9rr47atu8xny0.jpg', '将羊肉冷水下锅，水烧开后捞出。', 3),
(51, 25, 'p800_20151227ddm3vqw1a9wzsc5a.jpg', '将焯过水的羊肉用温水洗去浮沫后控干水分。', 4),
(52, 25, 'p800_20151227b9rjnp3sz005gypv.jpg', '山药去皮切滚刀块。', 5),
(53, 25, 'p800_2015122743a2uz2ou8qvlxla.jpg', '将羊肉、山药、葱、姜放入陶罐中。', 6),
(54, 25, 'p800_201512270h2lb7wym0y2want.jpg', '在陶罐中加入一勺料酒和适量清水，加入红枣和当归，大火烧开。', 7),
(55, 25, 'p800_20151227dy7zjlt0ncj2zdgn.jpg', '水开后，用漏勺撇去表面浮沫。', 8),
(56, 25, 'p800_20151227r6hr55xy0i0babol.jpg', '调小火，盖好盖子，继续煲一个小时，煲至剩余10分钟的时候，在汤中加入适量盐调味。', 9),
(57, 26, 'p800_20160303lg87t6as9bhp98ax.jpg', '枸杞和虾米，瑶柱用水清洗一遍后，加水浸泡', 1),
(58, 26, 'p800_20160303i323njb2g2490hxj.jpg', '山药去皮切小段，如果宝宝年龄较小，可以切小块', 2),
(59, 26, 'p800_201603033pd29jlalb3u7p5x.jpg', '电饭锅内放入香米', 3),
(60, 26, 'p800_20160303ps8emgsrcbpyllqf.jpg', '淘洗两遍后把枸杞，虾米，瑶柱连同泡的水一起倒入锅内', 4),
(61, 26, 'p800_20160303iws0hchpazae825e.jpg', '放入山药后加水至粥的水位1.5处，盖上锅盖', 5),
(62, 26, 'p800_20160303dol6p4281w0mt1d2.jpg', '盖上锅盖，我直接用煮粥键，一个小时就可以了，这个粥特别适合老人和小孩吃', 6),
(63, 26, 'p800_201603036tjkunbffux6sqop.jpg', '成品', 7),
(64, 27, '20170401149103566640132685.jpg', '准备食材。', 1),
(65, 27, '20170401149103566790932685.jpg', '将生菜提前用淡盐水略泡洗备用。', 2),
(66, 27, '20170401149103566864532685.jpg', '山药去皮（记得戴手套以防皮肤过敏）', 3),
(67, 27, '20170401149103566969932685.jpg', '将去皮山药清洗后，用擦板擦成丝。', 4),
(68, 27, '20170401149103567026032685.jpg', '水烧沸后，入山药，水微沸即捞出，断生即可。', 5),
(69, 27, '20170401149103567189932685.jpg', '将山药丝投入凉开水中（最好是冰水），冰镇后捞出。', 6),
(70, 27, '20170401149103567441932685.jpg', '准备红酒醋、油辣椒，糖，淡味酱油。放两勺醋，一勺油辣椒，半勺糖，一大勺淡味酱油调味', 7),
(71, 27, '20170401149103567589832685.jpg', '将清洗后的生菜放在盘中，然后放入山药丝，最后将料汁淋入。', 8),
(72, 27, '20170401149103594118732685.jpg', '也可以手托生菜，再夹上山药丝，用勺淋上料酒，配一两小粒小米辣食用。', 9),
(73, 28, '2017021014866902613779915711.jpg', '将牛腩肉洗净并沥干水分，切成 2~3厘米见方的方块。西红柿（约400克）洗净后放入开水中汆烫一下，撕去表皮，去蒂，切成3~5厘米见方的大块。土豆（约150克）削皮，切成小块，浸泡在水中防止氧化。洋葱（约150克）剥去外皮，切成小片。', 1),
(74, 28, '2017021014866902721279915711.jpg', '牛腩肉放入煮锅中，加入足够的冷水，移至大火上，烧开后继续汆烫5~8分钟，倒掉汤汁，捞出牛腩肉块，用热的流动水冲去杂质。', 2),
(75, 28, '2017021014866902827069915711.jpg', '大火加热炒锅中的油，放入香葱结（或大葱1根，切成大段）、老姜片和洋葱炒出香气。', 3),
(76, 28, '2017021014866903001819915711.jpg', '然后放入西红柿炒软。', 4),
(77, 28, '2017021014866903128819915711.jpg', '把锅中的香葱结和姜片挑出，加入牛腩块煸炒至表面收紧，加入切好的土豆块。', 5),
(78, 28, '2017021014866903243479915711.jpg', '调入生抽，倒入可以没过锅中食材的热水（大约2400毫升），调入盐和冰糖，改大火煮沸后转小火煮2小时。', 6),
(79, 28, '2017021014866903342189915711.jpg', '出锅前撒白胡椒粉，改大火煮沸2分钟，至肉烂汁浓即可。上桌时可以点缀香葱或香菜、青蒜等。', 7),
(80, 29, '2017020514863023998037513584.jpg', '好大个头的西红柿一个，清洗干净，鸡蛋打入碗中', 1),
(81, 29, '2017020514863024003337513584.jpg', '随自己的喜好，西红柿可以去皮也可以不去，切成小的滚刀块', 2),
(82, 29, '2017020514863024020787513584.jpg', '炒锅中倒适量油烧热，将打散的鸡蛋液倒入锅中，快凝结时扒拉成小块，然后盛出备用', 3),
(83, 29, '2017020514863024021957513584.jpg', '锅中留底油，将西红柿倒入锅中翻炒变软', 4),
(84, 29, '2017020514863024024897513584.jpg', '待西红柿微微出汤，将鸡蛋块全入锅中，翻炒几下出锅', 6),
(85, 29, '2017020514863024033637513584.jpg', '最爱这一口，百吃不厌', 7),
(86, 30, '2017041914925830013709548385.jpg', '西红柿打花刀，放到热水里烫一会，剥去表皮', 1),
(87, 30, '2017041914925830049809548385.jpg', '鲜玉米搓下玉米粒，西兰花掰成小朵', 2),
(88, 30, '2017041914925830079819548385.jpg', '西兰花和玉米放到热水里焯熟', 3),
(89, 30, '2017041914925830114289548385.jpg', '焯熟后捞出', 4),
(90, 30, '2017041914925830142959548385.jpg', '西红柿切成小丁', 5),
(91, 30, '2017041914925830178639548385.jpg', '热锅放油，加西红柿丁大火翻炒，炒成酱后加水小火煮开', 6),
(92, 30, '2017041914925830228019548385.jpg', '加入适量盐、鸡精、糖，搅拌均匀', 7),
(93, 30, '2017041914925830247539548385.jpg', '下乌冬面煮熟', 8),
(94, 30, '2017041914925830808709548385.jpg', '煮熟后盛出摆上西兰花、玉米粒及鸡蛋', 9),
(101, 31, '2017011014840330784786330049.jpg', '新鲜的鱼一条，两三斤最好', 1),
(102, 31, '2017011014840330795726330049.jpg', '将鱼剔去鱼鳞，冲洗干净，鱼身两边呈四十五度斜斜地片几刀', 2),
(103, 31, '2017011014840330816536330049.jpg', '姜片斜插进刀逢里，将鱼摆放在蒸鱼盘上，蒸鱼盘底部放水', 3),
(104, 31, '2017011014840330836106330049.jpg', '将鱼端进微波炉，加热十二分钟', 4),
(105, 31, '2017011014840330868746330049.jpg', '微波炉工作的时候，我们就可以制作汁了，油锅烧热，炒香姜丝，淋入姜丝，放入青辣椒炒软，加入剁辣椒，淋入适量水，加盐调味。', 5),
(106, 31, '2017011014840330890136330049.jpg', '将蒸熟的鱼端出来，摆在盘子里，去掉姜片', 6),
(107, 31, '2017011014840330927216330049.jpg', '将制作好的汁淋在上面即可', 7),
(108, 31, '2017011014840330955896330049.jpg', '成品', 8),
(109, 32, 'p800_20150211fe7e88e5e698eb31.jpg', '将杀好去鳞的鱼洗净，用力洗去鱼腹内的黑膜，剁去鱼鳍，手持刀紧贴鱼骨横向将鱼身的肉片下', 1),
(110, 32, 'p800_201502114be864989de79c28.jpg', '片好以后就是这个样子的', 2),
(111, 32, 'p800_20150211634066ee37ad4100.jpg', '将鱼片成厚约0.5厘米的鱼片', 3),
(112, 32, 'p800_20150211aa52b281997c689d.jpg', '用料酒、盐、白糖等调料腌制入味', 4),
(113, 32, 'p800_2015021183ff15d728db46b5.jpg', '裹上淀粉', 5),
(114, 32, 'p800_2015021127b41897b70073d5.jpg', '锅中加入油，烧热，将鱼片炸至金黄捞出沥油', 6),
(115, 32, 'p800_201502119b72b5f9f6b6d867.jpg', '最后摆盘即可', 7),
(116, 33, '2017092615064026042121478694.jpg', '准备好原材料；', 1),
(117, 33, '2017092615064026074611478694.jpg', '鱼块里放入适量的盐、料酒、白酒等调料腌制一会儿；', 2),
(118, 33, '2017092615064026089551478694.jpg', '热锅凉油， 放入花椒和红椒煎煸香；', 3),
(119, 33, '2017092615064026112761478694.jpg', '再将它们盛出来；', 4),
(120, 33, '2017092615064026131691478694.jpg', '加入姜蒜片进去煸炒；', 5),
(121, 33, '2017092615064026153021478694.jpg', '放入鱼块进去煎一下；', 6),
(122, 33, '2017092615064026170161478694.jpg', '烹入料酒、醋和生抽；', 7),
(123, 33, '2017092615064026205361478694.jpg', '加入适量的水炖煮十分钟；', 8),
(124, 33, '2017092615064026222561478694.jpg', '加入适量的盐等调味即可，', 9),
(125, 33, '2017092615064026235761478694.jpg', '最后加入点水淀粉勾芡。', 10),
(126, 33, '2017092615064026009941478694.jpg', '端上桌了。', 11),
(127, 34, 'p800_201503141258340139.jpg', '鲤鱼一条！', 1),
(128, 34, 'p800_201503141258520944.jpg', '切八卦刀之后用盐料酒胡椒粉腌制一小时！', 2),
(129, 34, 'p800_201503141259310262.jpg', '调制厚糊:之前说过的，面粉和淀粉比例1:2，然后给腌制好的鲤鱼挂糊！', 3),
(130, 34, 'p800_201503141300250505.jpg', '然后炸制，这一步最关键，先等油热用勺子舀油浇到鱼身上，定好之后再把鱼弯曲炸制！', 4),
(131, 34, 'p800_201503141301370716.jpg', '这是定好型之后的炸制！', 5),
(132, 34, 'p800_201503141302020618.jpg', '蒜切碎！', 6),
(133, 34, 'p800_201503141302180854.jpg', '最后一步是熬制糖醋汁:蒜碎，料酒，醋，糖，番茄酱，淀粉，水熬制起大泡浇到炸好的鱼身上即可！', 7),
(134, 34, 'p800_201503141303180392.jpg', '成品图欣赏！个人感觉非常满意！', 8),
(135, 35, 'p800_20160607pu45kstfnq1i646u.jpg', '鲤鱼去鳞片去掉腹内黑膜，洗净，切成大块，放盆中，用红烧酱油、料酒、盐腌30分钟左右', 1),
(136, 35, 'p800_20160607b01eojzun9bjy1ii.jpg', '2两个鸡蛋入碗中打散', 2),
(137, 35, 'p800_201606077i1pkcl0gpd0tdww.jpg', '平底锅中倒适量的油烧热，将鱼块入蛋液中滚一下，蘸满蛋液', 3),
(138, 35, 'p800_20160607k5cilupwiryl2ixi.jpg', '鱼块铺在平底锅中，两面煎硬', 4),
(139, 35, 'p800_20160607iwkx48aaei4b85ta.jpg', '将剩余的蛋液倒入平底锅中煎定型后，将先前腌鱼的料汁倒入锅中，再倒入热水，水要高过鱼块，加八角、花椒、姜片，小火慢炖', 5),
(140, 35, 'p800_20160607gc7lkfp6yqw2hwnb.jpg', '待汤汁收得差不多，便可出锅了', 6),
(141, 35, 'p800_20160607uwidsdla4oozbz6w.jpg', '好香', 7),
(142, 35, 'p800_20160607ib6036gqs43nte6l.jpg', '好香', 8),
(143, 36, 'p800_20150922db0e226eabf1d68c.jpg', '鲤鱼刮去鱼鳞，掏出鱼鳃，刨肚去除内脏，洗净，再将鱼肚里的黑膜撕掉；', 1),
(144, 36, 'p800_201509226d5f99b8677e50dd.jpg', '洗干净的鱼，剁去鱼头，鱼身横切延鱼骨分成两半，斜切片成片儿，鱼骨剁成小节，放入碗中，加料酒、白胡椒粉、姜片，抓匀腌制二十分钟；', 2),
(145, 36, 'p800_201509225b14e2371dc9afb7.jpg', '备好小奶锅，锅里倒入足量的油，加热', 3),
(146, 36, 'p800_20150922294a06d19d33e8d1.jpg', '待油六成热后，放入腌好的鱼块儿；炸至表面变色捞出；', 4),
(147, 36, 'p800_201509222deef2fdbc5b90b7.jpg', '待全部炸完后，转大火，放入炸好的鱼继续炸至表面干硬，酥脆，捞出，另起锅，锅里放入少量的油，待油六成热后，加入豆豉酱，翻炒，加入盐；', 5),
(148, 36, 'p800_2015092274c82baf7006d0ef.jpg', '再倒入炸好的鱼块儿翻炒至豆豉酱均匀的裹在鱼块儿上即可出锅，出锅后表面撒黑胡椒即可。', 6),
(149, 37, '20180109151546049258923010452639.jpg', '鲫鱼洗净后，切一字刀，下锅煎到两面微黄。', 1),
(150, 37, '201801091515460495706010452639.jpg', '另起一锅，倒入清水，羊肉下锅加料酒焯水后捞出洗净，入砂锅。', 2),
(151, 37, '20180109151546049785615410452639.jpg', '白萝卜去皮切滚刀块，放入砂锅中。', 3),
(152, 37, '20180109151546050045346310452639.jpg', '将煎好的鱼、姜葱一起起下锅，加适量水没过食材。', 4),
(153, 37, '20180109151546050300642310452639.jpg', '蒸箱调节到过温蒸模式，预热到110度后放入蒸箱，蒸40分钟后取出。撒适量香菜即可。', 5),
(154, 38, 'p800_20160603r6utmik36nuv7r3q.jpg', '主要材料备齐；', 1),
(155, 38, 'p800_20160603xpuar3zudp9jidfz.jpg', '葱姜蒜切末，干红辣椒切段备用；', 2),
(156, 38, 'p800_2016060330my2ihilgnkxp9u.jpg', '鲫鱼洗净，两面均匀的划几刀，放少许盐和料酒腌10分钟备用；', 3),
(157, 38, 'p800_20160603slk99qczf3nnxtls.jpg', '炒锅中倒入适量油，烧热至8成左右，下鲫鱼两面煎至金黄，期间再撒入少许盐；', 4),
(158, 38, 'p800_20160603e90jqftvk40nwbqz.jpg', '在鱼的双面涂上适量豆瓣酱，双面煎约1分钟，期间依次撒入姜蒜末，花椒，干红辣椒段，少许料酒和醋。轻压一会儿更入味；', 5),
(159, 38, 'p800_20160603ec354zcm09ag8k18.jpg', '接着倒入适量清水，加2茶匙白糖大火烧开后转中火焖3分钟；', 6),
(160, 38, 'p800_20160603i3lb2kq6jhagc2o1.jpg', '将鱼装盘后，锅中的汤汁加芡汁加少许盐和白胡椒粉调至汤汁浓稠；', 7),
(161, 38, 'p800_201606036wjfdceb6fotc3cy.jpg', '最后将汤汁浇在鲫鱼身上，撒满葱花就完成了。', 8),
(162, 39, 'p800_20160203lke2covje3eep0hn.jpg', '鲫鱼打理干净后擦干水分，用刀在鲫鱼两面划几刀', 1),
(163, 39, 'p800_20160203q8w17s4cuncz4aqy.jpg', '杭椒和小红椒切小粒，花椒、葱花、姜末、蒜末', 2),
(164, 39, 'p800_20160203v4qu8kq7wiofo3wf.jpg', '锅中倒入稍多点的油，再放点盐（可起到防溅作用）', 3),
(165, 39, 'p800_2016020335cy5r819ryg56jl.jpg', '大火将油烧热后放入鲫鱼，转中小火煎炸', 4),
(166, 39, 'p800_20160203e8s5e3soagnfa6ti.jpg', '炸至鲫鱼两面焦黄，看上去很酥脆的样子，即可捞出', 5),
(167, 39, 'p800_201602035jmiqmwdd54uqctl.jpg', '倒出多余的油，留下适量油，将花椒煸香后捞出不要', 6),
(168, 39, 'p800_20160203zbg6ush1vnqe7hau.jpg', '下入姜末、蒜末、葱花、杭椒和红椒粒，小火煸炒出香味', 7),
(169, 39, 'p800_20160203qmr5yxjreqeefygk.jpg', '放入料酒和豆豉辣酱（也可以用老干妈）炒制片刻', 8),
(170, 39, 'p800_20160203cxtbxbre3yep91fp.jpg', '放入鲜酱油和糖煸炒一会', 9),
(171, 39, 'p800_20160203pc4nlg0mv7hx61ed.jpg', '将炸好的鲫鱼下入锅中，倒入少量水焖2分钟即可', 10),
(172, 39, 'p800_201602038qi9az6b30ks7b8z.jpg', '出锅后撒点熟白芝麻就可以开吃啦，很香哦！', 11),
(173, 40, '2017020714864774354127722013.jpg', '带鱼处理干净后擦干水分，用刀横着将带鱼的一面贴骨片下', 1),
(174, 40, '2017020714864774593177722013.jpg', '带鱼的肉和主骨分开，两面都一样', 2),
(175, 40, '2017020714864774621937722013.jpg', '再将切下来的带鱼切成小段', 3),
(176, 40, '2017020714864774702427722013.jpg', '鱼骨剁成段', 4),
(177, 40, '2017020714864774762537722013.jpg', '带鱼段和鱼骨放入碗中，调入料酒、白胡椒粉和肉馅调味汁，拌匀后腌制20分钟左右', 5),
(178, 40, '2017020714864774842897722013.jpg', '腌好后，将带鱼肉用牙签串起来', 6),
(179, 40, '2017020714864774872127722013.jpg', '锅中倒入较多的油，中火加热，待油温5、6成热时，下入带鱼，炸至金黄捞出（注意，炸带鱼时会爆，油会溅的到处都是，可以用锅盖挡住自己，以免被油烫伤，注意安全！）', 7),
(180, 40, '2017020714864774892897722013.jpg', '随后将鱼骨也一样炸至金黄捞出', 8),
(181, 40, '2017020714864774935177722013.jpg', '根据个人喜好撒点孜然粉和辣椒面拌匀即可', 9),
(182, 40, '2017020714864776106197722013.jpg', '趁热吃又香又酥脆，很棒哦', 10),
(410, 2, '20171221151382779590733217338.jpg', '准备所需食材。', 1),
(411, 2, '20171221151382779731329117338.jpg', '胡萝卜去皮', 2),
(412, 2, '2017122115138277980637317338.jpg', '切小花花', 3),
(413, 2, '20171221151382779864973017338.jpg', '鸡肉切薄片', 4),
(414, 2, '20171221151382779943448317338.jpg', '鸡肉用蛋液和生粉抓匀，捏成小球，再滚生粉。', 5),
(415, 2, '20171221151382779997310617338.jpg', '过油两次，炸至金黄色。', 6),
(416, 2, '20171221151382780015441517338.jpg', '煸炒蔬菜。', 7),
(417, 2, '20171221151382780595552217338.jpg', '放入鸡丸，橙汁，盐和水淀粉。', 8),
(418, 2, '20171221151382780760184217338.jpg', '大火收汁即可。', 9),
(419, 3, '2017080315017554999911966185.jpg', '将鸡块剔掉骨头。', 1),
(420, 3, '2017080315017555001951966185.jpg', '倒入烤肉酱揉匀，腌制一晚上。', 2),
(421, 3, '2017080315017555019931966185.jpg', '选择大小长度和鸡肉宽度一致的香肠，如果是冷冻香肠，要先将香肠回温。', 3),
(422, 3, '2017080315017555046031966185.jpg', '将鸡肉平铺，把香肠放在上面。', 4),
(423, 3, '2017080315017555063551966185.jpg', '用鸡肉将香肠卷起，绑上绵线固定，放入空气炸锅的烤盘上。', 5),
(424, 3, '2017080315017555082731966185.jpg', '使用空气炸锅烘烤25分钟左右，中间要翻面一回。', 6),
(425, 3, '2017080315017555097101966185.jpg', '最后用少许蜂蜜水，刷在鸡肉表面，再烘烤2分钟即可。', 7),
(426, 4, 'p800_201411031414998627164.jpg', '准备好食材', 1),
(427, 4, 'p800_201411031414998637829.jpg', '把肉剁碎加入盐少量酱油', 2),
(428, 4, 'p800_201411031414998645767.jpg', '加入玉米淀粉', 3),
(429, 4, 'p800_201411031414998651696.jpg', '加入馒头碎搅拌均匀', 4),
(430, 4, 'p800_201411031414998655265.jpg', '加入鸡蛋', 5),
(431, 4, 'p800_201411031414998661740.jpg', '顺着一个方向把肉馅搅上劲', 6),
(432, 4, 'p800_201411031414998667948.jpg', '取肉馅在手中挤出丸子,把炸篮里面垫上锡纸刷上一层油,把挤好的丸子放上面', 7),
(433, 4, 'p800_201411031414998763423.jpg', '放入空气炸设置时间为180度15分钟', 8),
(434, 4, 'p800_201411031414998799895.jpg', '香喷的肉丸特写', 9),
(435, 5, '20220428165111171226936112270318.jpg', '择好的莙荙菜杆，洗净，控水，备用。', 1),
(436, 5, '20220428165111174146734012270318.jpg', '淖一下，捞出，挤出多余水分。', 2),
(437, 5, '20220428165111175274760912270318.jpg', '肉丝加少许料酒和老抽腌制五分钟左右。', 3),
(438, 5, '20220428165111177757912312270318.jpg', '锅烧热放适量油，倒入肉丝煸炒，再倒入莙荙菜杆加少许盐翻炒几下即可。', 4),
(439, 5, '20220428165111179267828312270318.jpg', '出锅装盘。', 5),
(440, 6, '20220428165111181125358812270318.jpg', '下饭菜。', 6),
(441, 6, '201110161441039.jpg', '把猪肉切成小块，焯水备用。', 1),
(442, 6, '201110161441379.jpg', '准备好葱姜 八角 辣椒。', 2),
(443, 6, '201110161441574.jpg', '白萝卜洗净切成滚刀块。', 3),
(444, 6, '201110161442186.jpg', '炒锅放油，下入焯水的猪肉，中火炒至猪肉微黄。', 4),
(445, 6, '201110161442315.jpg', '下入葱姜 八角 辣椒继续煸炒至肥肉出油。', 5),
(446, 6, '201110161443005.jpg', '加入糖 酱油 料酒煸炒均匀。', 6),
(447, 6, '201110161443253.jpg', '加入开水，大火烧开转小火炖焖30分钟。', 7),
(448, 6, '201110161443484.jpg', '下入萝卜块，加入盐继续炖焖至猪肉软烂。', 8),
(449, 6, '201110161444049.jpg', '大火收干汤汁即可。', 9),
(450, 7, 'p800_20160928ehezg30wwcpslbyx.jpg', '主要材料备齐；', 1),
(451, 7, 'p800_20160928l12iez07awhjxtq6.jpg', '先做手工米粉。炒锅空锅烧热，调成小火，将大米、八角、桂皮、陈皮、花椒粒、干辣椒段下锅煸炒；', 2),
(452, 7, 'p800_20160928pnhea0xiym0glttf.jpg', '我用秒表计了时间，小火足足煸炒5分钟，炒至米粒成焦黄色关火；', 3),
(453, 7, 'p800_201609287vf94u7a1gs7cy7c.jpg', '炒好的大米冷却后，丢掉其中的香料，将大米放入料理机，加少许盐和黑胡椒碎一起打成颗粒状米粉；', 4),
(454, 7, 'p800_20160928vgd5sk2d7uspr2mp.jpg', '接着处理牛肉，将牛肉切成5毫米厚的大片；', 5),
(455, 7, 'p800_2016092894n2y2hu0xvra1g4.jpg', '放入大碗，加适量淀粉、盐、胡椒碎、生抽、蚝油、一些郫县豆瓣酱的红油拌匀腌制10分钟；', 6),
(456, 7, 'p800_20160928h3b03baguzb7aq8u.jpg', '再放入打好的米粉，用手充分抓拌均匀；', 7),
(457, 7, 'p800_20160928i4pnxkmal0hqnoe2.jpg', '接着将牛肉码入蒸笼，蒸笼的底部我没有铺蒸笼布，而是铺的荷叶，蒸锅里多倒一些水，大火煮开后调成中火，放入蒸锅盖盖子蒸60分钟即可，中途加水记得加热水。', 8),
(458, 7, 'p800_201609284o9i7idwejrtn5xd.jpg', '蒸好后，在蒸肉上淋上蒜泥、红油、喜欢重口的可以再撒些辣椒面、花椒碎，再点缀上小葱和香菜就可以享用了！', 9),
(459, 8, 'p800_20150318333af599ba58f26c.jpg', '先和面，面粉300克倒入80度左右热水80克，用筷子混合成雪花状，再加入冷水80克揉成光滑白面团，一起加盖保鲜膜饧20分钟', 1),
(460, 8, 'p800_20150318882fe420d3e5c709.jpg', '牛肉冷水泡去血水，切成细小的肉丁。', 2),
(461, 8, 'p800_20150318ba48fc4826b667ba.jpg', '大葱和姜切成细末。', 3),
(462, 8, 'p800_20150318d1b4c9bafd17f4d9.jpg', '提前将花椒用温水泡好，牛肉丁里加入料酒。', 4),
(463, 8, 'p800_201503187071cc3436cd64d7.jpg', '倒入酱油和盐。', 5),
(464, 8, 'p800_2015031823f4a7538ab9c836.jpg', '加入糖和橄榄油。', 6),
(465, 8, 'p800_201503181402c966c09fbbe3.jpg', '滴入香油，加入葱碎。', 7),
(466, 8, 'p800_201503186c385d57f324cca9.jpg', '倒入姜末拌匀，倒入花椒水用筷子向一个方向搅拌至出筋。', 8),
(467, 8, 'p800_20150318ba8f339dca923d50.jpg', '将饧好的面取出分成四份，取一份揉匀后松弛几分钟，松弛好的面团擀成大片。', 9),
(468, 8, 'p800_20150318dfa65343cef0ea12.jpg', '饼皮中间放上适量调好拌匀的肉馅，用刀划四下成井字型，留出一块空白，剩余部分涂满肉馅。', 10),
(469, 8, 'p800_20150318595c60cc21ed2827.jpg', '用刀将切面片两边各切两刀，如图，将面片从空白的一边折起，另一边也向中间对折。', 11),
(470, 8, 'p800_201503187c9b617338d7dfef.jpg', '在向中间折起，边分别再像中间折，依次叠好。\r\n在向中间折起，边分别再像中间折，依次叠好。', 12),
(471, 8, 'p800_20150318707ab68758dc3868.jpg', '将折成方形饼，先用手轻轻按压一下，再擀成较厚的饼坯子，电饼铛高温预热放少许油，放入擀好的饼坯子，降至中小火煎至两面金黄即可切块装盘。', 13),
(472, 9, 'p800_20160413d7pxpgmadxlm41jx.jpg', '牛肉洗净', 1),
(473, 9, 'p800_20160413cj89ozrb4mk87ooh.jpg', '切成2、3厘米的大块', 2),
(474, 9, 'p800_20160413sxrvp3hrt00peeot.jpg', '入凉水锅，煮开后撇去浮沫', 3),
(475, 9, 'p800_20160413lk8yeyzqmcrktzd7.jpg', '将香料准备好，种类和数量可以调整噢', 4),
(476, 9, 'p800_201604139a0aw0ef3o3v956b.jpg', '待浮沫撇得差不多时，加入香料，盖盖，小火慢慢焖炖', 5),
(477, 9, 'p800_201604138ndpuq5ki87j1aoc.jpg', '待汤去掉一半时，可加入适量盐\r\n待汤去掉一半时，可加入适量盐', 6),
(478, 9, 'p800_201604134kb44kbe6biqctqx.jpg', '倒入红烧酱油，并翻拌均匀', 7),
(479, 9, 'p800_20160413xvba4ri2dsn0osmq.jpg', '待汤汁收得差不多时，可夹起一块肉尝尝咸淡和成熟度，便可出锅', 8),
(480, 9, 'p800_20160413089bxekap2r9szb4.jpg', '好香', 9),
(481, 10, '201712261514267249087109593974.jpg', '准备好所有食材', 1),
(482, 10, '2017122615142672530948879593974.jpg', '牛油果对半切开，取出核', 2),
(483, 10, '2017122615142672563495619593974.jpg', '核的位置太浅可以去掉点蛋白，或者挖掉点果肉', 3),
(484, 10, '201712261514267262364669593974.jpg', '将牛油果鸡蛋放上烤盘，撒上盐和胡椒粉', 4),
(485, 10, '2017122615142672674022759593974.jpg', '选择烧烤模式180摄氏度运行15分钟', 5),
(486, 10, '2017122615142672731554599593974.jpg', '糖心牛油果出锅，可以用调羹勺出食用', 6),
(487, 11, '20171209151279574320710449735.jpg', '菠菜适量，姜三片。', 1),
(488, 11, '20171209151279580313610449735.jpg', '菠菜切碎，姜切末。煎饼里多切些姜末，煎得焦焦的，可香了。', 2),
(489, 11, '20171209151279590271310449735.jpg', '两勺面粉', 3),
(490, 11, '20171209151279598379310449735.jpg', '适量水调成面糊，一匙盐，适量花椒粉拌匀。', 4),
(491, 11, '20171209151279623382710449735.jpg', '锅内稍放底油，中小火，油微热舀进3勺面糊，转动锅，让饼圆润。', 5),
(492, 11, '20171209151279621150410449735.jpg', '煎制正面凝固，底部微黄。', 6),
(493, 11, '20171209151279630533610449735.jpg', '柴鸡蛋一个稍打散。', 7),
(494, 11, '20171209151279636823310449735.jpg', '鸡蛋液倒到煎饼上，放胡萝卜点缀。', 8),
(495, 11, '20171209151279646991810449735.jpg', '待蛋液凝固，翻一下面稍煎。', 9),
(496, 11, '20171209151279658130510449735.jpg', '对切盛盘即可。', 10),
(497, 12, '2017120715126190315047979179877.jpg', '备好食材', 1),
(498, 12, '2017120715126190316083769179877.jpg', '鸡蛋洗净后放入砂锅中、加盖小火', 2),
(499, 12, '2017120715126190316938459179877.jpg', '煮熟后取出鸡蛋，稍凉后将蛋壳敲碎', 3),
(500, 12, '201712071512619031778919179877.jpg', '将调料与鸡蛋重新放入砂锅后倒入可乐，可乐量盖过鸡蛋即可', 4),
(501, 12, '2017120715126190318737449179877.jpg', '再倒入少许红烧酱油、上色更好', 5),
(502, 12, '2017120715126190320525009179877.jpg', '移至燃气灶加盖大火', 6),
(503, 12, '2017120715126190321325189179877.jpg', '煮沸后继续煮至2~3分钟PS：顺手将家里剩余的2个熟鸡蛋也一起煮了', 7),
(504, 12, '2017120715126190322087159179877.jpg', '再转小火煮约10分钟、关火浸闷半小时左右', 8),
(505, 12, '2017120715126190322957069179877.jpg', '最后再大开火煮沸收汁关火', 9),
(506, 12, '2017120715126190323746449179877.jpg', '香甜入味、热吃凉吃都美味', 10),
(507, 13, '2017060514966537796212261565.jpg', '备好香肠', 1),
(508, 13, '2017060514966537795672261565.jpg', '备好迷迭香和甜玉米', 2),
(509, 13, '2017060514966537809212261565.jpg', '把甜玉米切段，香肠改成花刀', 3),
(510, 13, '2017060514966537814002261565.jpg', '先把甜玉米，迷迭香放入烤盘再把香肠放到甜玉米上，这样能把香肠出的汁水流到玉米上', 4),
(511, 13, '2017060514966537814232261565.jpg', '送入烤箱200度烤10分钟', 5),
(512, 13, '2017060514966537816832261565.jpg', '5分钟后取出把香肠翻面，磨入黑胡椒，再送入烤箱，时间到出炉', 6),
(513, 13, '2017060514966537826472261565.jpg', '超好吃', 7),
(514, 14, '2017112815118618672743438632329.jpg', '将小香肠三分之二处用刀口切十字，备用。', 1),
(515, 14, '2017112815118618675229578632329.jpg', '将面粉与牛奶混合。', 2),
(516, 14, '2017112815118618681465858632329.jpg', '揉成面团。', 3),
(517, 14, '2017112815118618686623048632329.jpg', '面团分小块，裹住香肠未切十字的顶部。', 4),
(518, 14, '2017112815118618705241648632329.jpg', '油锅烧到5成热，下锅慢炸，炸至章鱼的腿完全张开即可出锅。', 5),
(519, 14, '2017112815118618668631138632329.jpg', '沥油，用巧克力酱，或其他喜欢的深色酱汁，画上眼睛、嘴巴，萌萌哒小章鱼就这样诞生啦！', 6),
(520, 14, '201711281511861989282828632329.jpg', '成品图', 7),
(521, 14, '2017112815118619973706838632329.jpg', '成品图', 8),
(522, 15, '2017031314893780536476582301.jpg', '将面粉、酵母、盐、细砂糖、奶粉、蛋液、水、按液体在下面固体在上面的顺序，倒入面包桶。', 1),
(523, 15, '2017031314893780509306582301.jpg', '启动一个活面程序活至面团可以拉长，有弹性。（我的面包机一个和面程序是15分程，基本和两次就可以了。一个和面程序结束可以让面团静置个20分钟左右，这样可以让面团更快的产生膜）', 2),
(524, 15, '2017031314893780538516582301.jpg', '加入黄油，再次启动和面程序。', 3),
(525, 15, '2017031314893780518556582301.jpg', '基本启动两次到三次和面程度，就可以拉出手套膜了，放入温暖的地方发酵至大约2倍大小。（每个和面程序结束可以让面团静置个20分钟左右这样可以让面团更快的产生膜）。', 4),
(526, 15, '2017031314893780550086582301.jpg', '取出发酵好的面团，排出里面的空气，均匀的分成8小份。', 5),
(527, 15, '2017031314893780545596582301.jpg', '每份面团活光滑，按平，将香肠对切一半按入面团中间。（香肠尽量包入面团深一点，因为在发酵的过程中香肠会翘起来）', 6),
(528, 15, '2017031314893780548846582301.jpg', '放到温暖的地方发酵至2-2.5倍大小。（发酵的中途如果翘起来，也可以将香肠再向下按一按。）', 7),
(529, 15, '2017031314893780601306582301.jpg', '将发酵好的面团，刷上一层蛋液，挤入沙拉酱，撒上葱花。', 8),
(530, 15, '2017031314893780606886582301.jpg', '烤箱提前190度预热2-3分钟，放入烤箱中下层190度烤15分钟左右即可。', 9),
(531, 41, '2017042714933072077989088392.jpg', '小龙虾从尾部中间那块拧抽出虾肠', 1),
(532, 41, '2017042714933072155069088392.jpg', '剪掉头部', 2),
(533, 41, '2017042714933072223039088392.jpg', '用刷子刷洗虾身三遍以上，换三次水', 3),
(534, 41, '2017042714933072377739088392.jpg', '土豆去皮煮熟切片垫在砂锅底部备用', 4),
(535, 41, '2017042714933072615359088392.jpg', '热锅，倒入适量的花生油，放入姜片和蒜末爆香', 5),
(536, 41, '2017042714933072896989088392.jpg', '捞出事先泡好的干辣椒段爆香，加入豆瓣酱小火炒出红油放入八角，陈皮，花椒，麻椒，香叶煸香', 6),
(537, 41, '2017042714933073143629088392.jpg', '倒入小龙虾大火翻炒均匀，加入料酒翻炒至红', 7),
(538, 41, '2017042714933073357669088392.jpg', '加入酱油蚝油翻炒均匀', 8),
(539, 41, '2017042714933073604849088392.jpg', '倒入两碗清水焖煮5分钟', 9),
(540, 41, '2017042714933073825279088392.jpg', '把小龙虾捞出码在土豆片上，倒入汁水，中小火焖煮5分钟即可', 10),
(541, 41, '2017042714933078341689088392.jpg', '成品', 11);

-- --------------------------------------------------------

--
-- 表的结构 `mstx_user`
--

CREATE TABLE `mstx_user` (
  `uid` int(11) NOT NULL,
  `username` varchar(255) NOT NULL,
  `password` varchar(255) NOT NULL,
  `age` varchar(32) NOT NULL,
  `sex` int(11) NOT NULL,
  `grow` int(11) NOT NULL,
  `lucky` int(11) NOT NULL,
  `meili` int(11) NOT NULL,
  `follow` int(11) NOT NULL,
  `fans` int(11) NOT NULL,
  `collection` int(11) NOT NULL,
  `p_concerned` varchar(255) NOT NULL,
  `avatar_image` varchar(255) NOT NULL DEFAULT 'defult_01.png',
  `email` varchar(255) NOT NULL,
  `signature` varchar(255) NOT NULL
) ENGINE=InnoDB DEFAULT CHARSET=utf8;

--
-- 转存表中的数据 `mstx_user`
--

INSERT INTO `mstx_user` (`uid`, `username`, `password`, `age`, `sex`, `grow`, `lucky`, `meili`, `follow`, `fans`, `collection`, `p_concerned`, `avatar_image`, `email`, `signature`) VALUES
(1, 'yangyiliang', '123123', '24', 1, 0, 0, 0, 0, 0, 0, '0', 'defult_01.png', '1213121232@qq.com', '2147483647'),
(2, '可乐粽', '123123', '22', 1, 0, 0, 0, 0, 0, 0, '0', 'defult_01.png', '165432789@qq.com', '天天开心'),
(3, '豆豆', '123456', '21', 0, 0, 0, 0, 0, 0, 0, '0', 'defult_01.png', '1622542247@qq.com', '每天开心'),
(4, '星星', '123456', '26', 1, 0, 0, 0, 0, 0, 0, '0', 'defult_01.png', '165432789@qq.com', '123zff'),
(5, '橙子', '123456', '26', 1, 0, 0, 0, 0, 0, 0, '0', 'defult_01.png', '165432786@qq.com', '吱吱吱吱大厦'),
(6, '香蕉', '123456', '18', 0, 0, 0, 0, 0, 0, 0, '0', 'defult_01.png', '175432789@qq.com', '开心每一天'),
(7, '面包', '123123', '19', 0, 0, 0, 0, 0, 0, 0, '0', 'defult_01.png', '165432589@qq.com', '那德国哈苏京东方');

--
-- Indexes for dumped tables
--

--
-- Indexes for table `mstx_createm`
--
ALTER TABLE `mstx_createm`
  ADD PRIMARY KEY (`cid`);

--
-- Indexes for table `mstx_heal`
--
ALTER TABLE `mstx_heal`
  ADD PRIMARY KEY (`hid`);

--
-- Indexes for table `mstx_ingredients`
--
ALTER TABLE `mstx_ingredients`
  ADD PRIMARY KEY (`fid`);

--
-- Indexes for table `mstx_menu`
--
ALTER TABLE `mstx_menu`
  ADD PRIMARY KEY (`mid`);

--
-- Indexes for table `mstx_shar`
--
ALTER TABLE `mstx_shar`
  ADD PRIMARY KEY (`id`) USING BTREE;

--
-- Indexes for table `mstx_step`
--
ALTER TABLE `mstx_step`
  ADD PRIMARY KEY (`sid`);

--
-- Indexes for table `mstx_user`
--
ALTER TABLE `mstx_user`
  ADD PRIMARY KEY (`uid`);

--
-- 在导出的表使用AUTO_INCREMENT
--

--
-- 使用表AUTO_INCREMENT `mstx_createm`
--
ALTER TABLE `mstx_createm`
  MODIFY `cid` int(11) NOT NULL AUTO_INCREMENT;

--
-- 使用表AUTO_INCREMENT `mstx_heal`
--
ALTER TABLE `mstx_heal`
  MODIFY `hid` int(11) NOT NULL AUTO_INCREMENT, AUTO_INCREMENT=36;

--
-- 使用表AUTO_INCREMENT `mstx_ingredients`
--
ALTER TABLE `mstx_ingredients`
  MODIFY `fid` int(11) NOT NULL AUTO_INCREMENT, AUTO_INCREMENT=31;

--
-- 使用表AUTO_INCREMENT `mstx_menu`
--
ALTER TABLE `mstx_menu`
  MODIFY `mid` int(11) NOT NULL AUTO_INCREMENT, AUTO_INCREMENT=54;

--
-- 使用表AUTO_INCREMENT `mstx_shar`
--
ALTER TABLE `mstx_shar`
  MODIFY `id` int(11) NOT NULL AUTO_INCREMENT, AUTO_INCREMENT=11;

--
-- 使用表AUTO_INCREMENT `mstx_step`
--
ALTER TABLE `mstx_step`
  MODIFY `sid` int(11) NOT NULL AUTO_INCREMENT, AUTO_INCREMENT=542;

--
-- 使用表AUTO_INCREMENT `mstx_user`
--
ALTER TABLE `mstx_user`
  MODIFY `uid` int(11) NOT NULL AUTO_INCREMENT, AUTO_INCREMENT=8;
COMMIT;

/*!40101 SET CHARACTER_SET_CLIENT=@OLD_CHARACTER_SET_CLIENT */;
/*!40101 SET CHARACTER_SET_RESULTS=@OLD_CHARACTER_SET_RESULTS */;
/*!40101 SET COLLATION_CONNECTION=@OLD_COLLATION_CONNECTION */;
